--
-- PostgreSQL database dump
--

\restrict NMVBM2Dlcp7HYWIgjicARJVQn5hxSX8L2FHn66op3fFm92wA5MEqHcwJqBj5ChC

-- Dumped from database version 17.10 (322a063)
-- Dumped by pg_dump version 18.1

-- Started on 2026-05-23 13:03:40

SET statement_timeout = 0;
SET lock_timeout = 0;
SET idle_in_transaction_session_timeout = 0;
SET transaction_timeout = 0;
SET client_encoding = 'UTF8';
SET standard_conforming_strings = on;
SELECT pg_catalog.set_config('search_path', '', false);
SET check_function_bodies = false;
SET xmloption = content;
SET client_min_messages = warning;
SET row_security = off;

SET default_tablespace = '';

SET default_table_access_method = heap;

--
-- TOC entry 224 (class 1259 OID 16534)
-- Name: auth_group; Type: TABLE; Schema: public; Owner: neondb_owner
--

CREATE TABLE public.auth_group (
    id integer NOT NULL,
    name character varying(150) NOT NULL
);


ALTER TABLE public.auth_group OWNER TO neondb_owner;

--
-- TOC entry 223 (class 1259 OID 16533)
-- Name: auth_group_id_seq; Type: SEQUENCE; Schema: public; Owner: neondb_owner
--

ALTER TABLE public.auth_group ALTER COLUMN id ADD GENERATED BY DEFAULT AS IDENTITY (
    SEQUENCE NAME public.auth_group_id_seq
    START WITH 1
    INCREMENT BY 1
    NO MINVALUE
    NO MAXVALUE
    CACHE 1
);


--
-- TOC entry 226 (class 1259 OID 16542)
-- Name: auth_group_permissions; Type: TABLE; Schema: public; Owner: neondb_owner
--

CREATE TABLE public.auth_group_permissions (
    id bigint NOT NULL,
    group_id integer NOT NULL,
    permission_id integer NOT NULL
);


ALTER TABLE public.auth_group_permissions OWNER TO neondb_owner;

--
-- TOC entry 225 (class 1259 OID 16541)
-- Name: auth_group_permissions_id_seq; Type: SEQUENCE; Schema: public; Owner: neondb_owner
--

ALTER TABLE public.auth_group_permissions ALTER COLUMN id ADD GENERATED BY DEFAULT AS IDENTITY (
    SEQUENCE NAME public.auth_group_permissions_id_seq
    START WITH 1
    INCREMENT BY 1
    NO MINVALUE
    NO MAXVALUE
    CACHE 1
);


--
-- TOC entry 222 (class 1259 OID 16528)
-- Name: auth_permission; Type: TABLE; Schema: public; Owner: neondb_owner
--

CREATE TABLE public.auth_permission (
    id integer NOT NULL,
    name character varying(255) NOT NULL,
    content_type_id integer NOT NULL,
    codename character varying(100) NOT NULL
);


ALTER TABLE public.auth_permission OWNER TO neondb_owner;

--
-- TOC entry 221 (class 1259 OID 16527)
-- Name: auth_permission_id_seq; Type: SEQUENCE; Schema: public; Owner: neondb_owner
--

ALTER TABLE public.auth_permission ALTER COLUMN id ADD GENERATED BY DEFAULT AS IDENTITY (
    SEQUENCE NAME public.auth_permission_id_seq
    START WITH 1
    INCREMENT BY 1
    NO MINVALUE
    NO MAXVALUE
    CACHE 1
);


--
-- TOC entry 228 (class 1259 OID 16548)
-- Name: auth_user; Type: TABLE; Schema: public; Owner: neondb_owner
--

CREATE TABLE public.auth_user (
    id integer NOT NULL,
    password character varying(128) NOT NULL,
    last_login timestamp with time zone,
    is_superuser boolean NOT NULL,
    username character varying(150) NOT NULL,
    first_name character varying(150) NOT NULL,
    last_name character varying(150) NOT NULL,
    email character varying(254) NOT NULL,
    is_staff boolean NOT NULL,
    is_active boolean NOT NULL,
    date_joined timestamp with time zone NOT NULL
);


ALTER TABLE public.auth_user OWNER TO neondb_owner;

--
-- TOC entry 230 (class 1259 OID 16556)
-- Name: auth_user_groups; Type: TABLE; Schema: public; Owner: neondb_owner
--

CREATE TABLE public.auth_user_groups (
    id bigint NOT NULL,
    user_id integer NOT NULL,
    group_id integer NOT NULL
);


ALTER TABLE public.auth_user_groups OWNER TO neondb_owner;

--
-- TOC entry 229 (class 1259 OID 16555)
-- Name: auth_user_groups_id_seq; Type: SEQUENCE; Schema: public; Owner: neondb_owner
--

ALTER TABLE public.auth_user_groups ALTER COLUMN id ADD GENERATED BY DEFAULT AS IDENTITY (
    SEQUENCE NAME public.auth_user_groups_id_seq
    START WITH 1
    INCREMENT BY 1
    NO MINVALUE
    NO MAXVALUE
    CACHE 1
);


--
-- TOC entry 227 (class 1259 OID 16547)
-- Name: auth_user_id_seq; Type: SEQUENCE; Schema: public; Owner: neondb_owner
--

ALTER TABLE public.auth_user ALTER COLUMN id ADD GENERATED BY DEFAULT AS IDENTITY (
    SEQUENCE NAME public.auth_user_id_seq
    START WITH 1
    INCREMENT BY 1
    NO MINVALUE
    NO MAXVALUE
    CACHE 1
);


--
-- TOC entry 232 (class 1259 OID 16562)
-- Name: auth_user_user_permissions; Type: TABLE; Schema: public; Owner: neondb_owner
--

CREATE TABLE public.auth_user_user_permissions (
    id bigint NOT NULL,
    user_id integer NOT NULL,
    permission_id integer NOT NULL
);


ALTER TABLE public.auth_user_user_permissions OWNER TO neondb_owner;

--
-- TOC entry 231 (class 1259 OID 16561)
-- Name: auth_user_user_permissions_id_seq; Type: SEQUENCE; Schema: public; Owner: neondb_owner
--

ALTER TABLE public.auth_user_user_permissions ALTER COLUMN id ADD GENERATED BY DEFAULT AS IDENTITY (
    SEQUENCE NAME public.auth_user_user_permissions_id_seq
    START WITH 1
    INCREMENT BY 1
    NO MINVALUE
    NO MAXVALUE
    CACHE 1
);


--
-- TOC entry 267 (class 1259 OID 81934)
-- Name: combustibles_cargacombustible; Type: TABLE; Schema: public; Owner: neondb_owner
--

CREATE TABLE public.combustibles_cargacombustible (
    id bigint NOT NULL,
    fecha date NOT NULL,
    tipo_combustible character varying(20) NOT NULL,
    precio_unitario numeric(10,2) NOT NULL,
    litros numeric(10,2) NOT NULL,
    monto_total numeric(12,2) NOT NULL,
    kilometraje integer,
    ignorar_kilometraje boolean NOT NULL,
    rendimiento numeric(10,2),
    fecha_registro timestamp with time zone NOT NULL,
    unidad_id bigint NOT NULL,
    es_especial boolean NOT NULL,
    km_equivocado boolean NOT NULL
);


ALTER TABLE public.combustibles_cargacombustible OWNER TO neondb_owner;

--
-- TOC entry 266 (class 1259 OID 81933)
-- Name: combustibles_cargacombustible_id_seq; Type: SEQUENCE; Schema: public; Owner: neondb_owner
--

ALTER TABLE public.combustibles_cargacombustible ALTER COLUMN id ADD GENERATED BY DEFAULT AS IDENTITY (
    SEQUENCE NAME public.combustibles_cargacombustible_id_seq
    START WITH 1
    INCREMENT BY 1
    NO MINVALUE
    NO MAXVALUE
    CACHE 1
);


--
-- TOC entry 265 (class 1259 OID 81926)
-- Name: combustibles_preciocombustible; Type: TABLE; Schema: public; Owner: neondb_owner
--

CREATE TABLE public.combustibles_preciocombustible (
    id bigint NOT NULL,
    fecha date NOT NULL,
    precio_magna numeric(10,2) NOT NULL,
    precio_premium numeric(10,2) NOT NULL,
    precio_diesel numeric(10,2) NOT NULL,
    precio_electrico numeric(10,2) NOT NULL
);


ALTER TABLE public.combustibles_preciocombustible OWNER TO neondb_owner;

--
-- TOC entry 264 (class 1259 OID 81925)
-- Name: combustibles_preciocombustible_id_seq; Type: SEQUENCE; Schema: public; Owner: neondb_owner
--

ALTER TABLE public.combustibles_preciocombustible ALTER COLUMN id ADD GENERATED BY DEFAULT AS IDENTITY (
    SEQUENCE NAME public.combustibles_preciocombustible_id_seq
    START WITH 1
    INCREMENT BY 1
    NO MINVALUE
    NO MAXVALUE
    CACHE 1
);


--
-- TOC entry 234 (class 1259 OID 16620)
-- Name: django_admin_log; Type: TABLE; Schema: public; Owner: neondb_owner
--

CREATE TABLE public.django_admin_log (
    id integer NOT NULL,
    action_time timestamp with time zone NOT NULL,
    object_id text,
    object_repr character varying(200) NOT NULL,
    action_flag smallint NOT NULL,
    change_message text NOT NULL,
    content_type_id integer,
    user_id integer NOT NULL,
    CONSTRAINT django_admin_log_action_flag_check CHECK ((action_flag >= 0))
);


ALTER TABLE public.django_admin_log OWNER TO neondb_owner;

--
-- TOC entry 233 (class 1259 OID 16619)
-- Name: django_admin_log_id_seq; Type: SEQUENCE; Schema: public; Owner: neondb_owner
--

ALTER TABLE public.django_admin_log ALTER COLUMN id ADD GENERATED BY DEFAULT AS IDENTITY (
    SEQUENCE NAME public.django_admin_log_id_seq
    START WITH 1
    INCREMENT BY 1
    NO MINVALUE
    NO MAXVALUE
    CACHE 1
);


--
-- TOC entry 220 (class 1259 OID 16520)
-- Name: django_content_type; Type: TABLE; Schema: public; Owner: neondb_owner
--

CREATE TABLE public.django_content_type (
    id integer NOT NULL,
    app_label character varying(100) NOT NULL,
    model character varying(100) NOT NULL
);


ALTER TABLE public.django_content_type OWNER TO neondb_owner;

--
-- TOC entry 219 (class 1259 OID 16519)
-- Name: django_content_type_id_seq; Type: SEQUENCE; Schema: public; Owner: neondb_owner
--

ALTER TABLE public.django_content_type ALTER COLUMN id ADD GENERATED BY DEFAULT AS IDENTITY (
    SEQUENCE NAME public.django_content_type_id_seq
    START WITH 1
    INCREMENT BY 1
    NO MINVALUE
    NO MAXVALUE
    CACHE 1
);


--
-- TOC entry 218 (class 1259 OID 16512)
-- Name: django_migrations; Type: TABLE; Schema: public; Owner: neondb_owner
--

CREATE TABLE public.django_migrations (
    id bigint NOT NULL,
    app character varying(255) NOT NULL,
    name character varying(255) NOT NULL,
    applied timestamp with time zone NOT NULL
);


ALTER TABLE public.django_migrations OWNER TO neondb_owner;

--
-- TOC entry 217 (class 1259 OID 16511)
-- Name: django_migrations_id_seq; Type: SEQUENCE; Schema: public; Owner: neondb_owner
--

ALTER TABLE public.django_migrations ALTER COLUMN id ADD GENERATED BY DEFAULT AS IDENTITY (
    SEQUENCE NAME public.django_migrations_id_seq
    START WITH 1
    INCREMENT BY 1
    NO MINVALUE
    NO MAXVALUE
    CACHE 1
);


--
-- TOC entry 247 (class 1259 OID 16729)
-- Name: django_session; Type: TABLE; Schema: public; Owner: neondb_owner
--

CREATE TABLE public.django_session (
    session_key character varying(40) NOT NULL,
    session_data text NOT NULL,
    expire_date timestamp with time zone NOT NULL
);


ALTER TABLE public.django_session OWNER TO neondb_owner;

--
-- TOC entry 249 (class 1259 OID 24577)
-- Name: facturacion_factura; Type: TABLE; Schema: public; Owner: neondb_owner
--

CREATE TABLE public.facturacion_factura (
    id bigint NOT NULL,
    fecha date NOT NULL,
    monto numeric(12,2) NOT NULL,
    folio character varying(50) NOT NULL,
    archivo_escaneado character varying(100),
    fecha_registro timestamp with time zone NOT NULL,
    unidad_id bigint,
    producto_id bigint,
    ticket_id bigint,
    descripcion character varying(255),
    taller_id bigint,
    razon_social_emisor character varying(255),
    rfc_emisor character varying(13),
    proveedor_id bigint,
    categoria character varying(50) NOT NULL,
    iva_aplicado boolean NOT NULL,
    caja_id bigint,
    variado_id bigint,
    cancelado boolean NOT NULL,
    factura_reemplazo_id bigint,
    motivo_cancelacion text
);


ALTER TABLE public.facturacion_factura OWNER TO neondb_owner;

--
-- TOC entry 248 (class 1259 OID 24576)
-- Name: facturacion_factura_id_seq; Type: SEQUENCE; Schema: public; Owner: neondb_owner
--

ALTER TABLE public.facturacion_factura ALTER COLUMN id ADD GENERATED BY DEFAULT AS IDENTITY (
    SEQUENCE NAME public.facturacion_factura_id_seq
    START WITH 1
    INCREMENT BY 1
    NO MINVALUE
    NO MAXVALUE
    CACHE 1
);


--
-- TOC entry 277 (class 1259 OID 229377)
-- Name: facturacion_factura_unidades; Type: TABLE; Schema: public; Owner: neondb_owner
--

CREATE TABLE public.facturacion_factura_unidades (
    id bigint NOT NULL,
    factura_id bigint NOT NULL,
    unidadtractocamion_id bigint NOT NULL
);


ALTER TABLE public.facturacion_factura_unidades OWNER TO neondb_owner;

--
-- TOC entry 276 (class 1259 OID 229376)
-- Name: facturacion_factura_unidades_id_seq; Type: SEQUENCE; Schema: public; Owner: neondb_owner
--

ALTER TABLE public.facturacion_factura_unidades ALTER COLUMN id ADD GENERATED BY DEFAULT AS IDENTITY (
    SEQUENCE NAME public.facturacion_factura_unidades_id_seq
    START WITH 1
    INCREMENT BY 1
    NO MINVALUE
    NO MAXVALUE
    CACHE 1
);


--
-- TOC entry 281 (class 1259 OID 237569)
-- Name: facturacion_facturadetalleunidad; Type: TABLE; Schema: public; Owner: neondb_owner
--

CREATE TABLE public.facturacion_facturadetalleunidad (
    id bigint NOT NULL,
    monto numeric(12,2) NOT NULL,
    factura_id bigint NOT NULL,
    unidad_id bigint NOT NULL
);


ALTER TABLE public.facturacion_facturadetalleunidad OWNER TO neondb_owner;

--
-- TOC entry 280 (class 1259 OID 237568)
-- Name: facturacion_facturadetalleunidad_id_seq; Type: SEQUENCE; Schema: public; Owner: neondb_owner
--

ALTER TABLE public.facturacion_facturadetalleunidad ALTER COLUMN id ADD GENERATED BY DEFAULT AS IDENTITY (
    SEQUENCE NAME public.facturacion_facturadetalleunidad_id_seq
    START WITH 1
    INCREMENT BY 1
    NO MINVALUE
    NO MAXVALUE
    CACHE 1
);


--
-- TOC entry 253 (class 1259 OID 49153)
-- Name: facturacion_producto; Type: TABLE; Schema: public; Owner: neondb_owner
--

CREATE TABLE public.facturacion_producto (
    id bigint NOT NULL,
    nombre character varying(100) NOT NULL,
    categoria character varying(50) NOT NULL,
    descripcion text
);


ALTER TABLE public.facturacion_producto OWNER TO neondb_owner;

--
-- TOC entry 252 (class 1259 OID 49152)
-- Name: facturacion_producto_id_seq; Type: SEQUENCE; Schema: public; Owner: neondb_owner
--

ALTER TABLE public.facturacion_producto ALTER COLUMN id ADD GENERATED BY DEFAULT AS IDENTITY (
    SEQUENCE NAME public.facturacion_producto_id_seq
    START WITH 1
    INCREMENT BY 1
    NO MINVALUE
    NO MAXVALUE
    CACHE 1
);


--
-- TOC entry 271 (class 1259 OID 139265)
-- Name: facturacion_ticket; Type: TABLE; Schema: public; Owner: neondb_owner
--

CREATE TABLE public.facturacion_ticket (
    id bigint NOT NULL,
    folio_interno character varying(50) NOT NULL,
    folio_emision character varying(50),
    fecha date NOT NULL,
    monto numeric(12,2) NOT NULL,
    archivo_escaneado character varying(100),
    fecha_registro timestamp with time zone NOT NULL,
    convertido_en_factura boolean NOT NULL,
    producto_id bigint,
    unidad_id bigint,
    descripcion character varying(255),
    taller_id bigint,
    proveedor_id bigint,
    categoria character varying(50) NOT NULL,
    caja_id bigint,
    variado_id bigint
);


ALTER TABLE public.facturacion_ticket OWNER TO neondb_owner;

--
-- TOC entry 270 (class 1259 OID 139264)
-- Name: facturacion_ticket_id_seq; Type: SEQUENCE; Schema: public; Owner: neondb_owner
--

ALTER TABLE public.facturacion_ticket ALTER COLUMN id ADD GENERATED BY DEFAULT AS IDENTITY (
    SEQUENCE NAME public.facturacion_ticket_id_seq
    START WITH 1
    INCREMENT BY 1
    NO MINVALUE
    NO MAXVALUE
    CACHE 1
);


--
-- TOC entry 279 (class 1259 OID 229383)
-- Name: facturacion_ticket_unidades; Type: TABLE; Schema: public; Owner: neondb_owner
--

CREATE TABLE public.facturacion_ticket_unidades (
    id bigint NOT NULL,
    ticket_id bigint NOT NULL,
    unidadtractocamion_id bigint NOT NULL
);


ALTER TABLE public.facturacion_ticket_unidades OWNER TO neondb_owner;

--
-- TOC entry 278 (class 1259 OID 229382)
-- Name: facturacion_ticket_unidades_id_seq; Type: SEQUENCE; Schema: public; Owner: neondb_owner
--

ALTER TABLE public.facturacion_ticket_unidades ALTER COLUMN id ADD GENERATED BY DEFAULT AS IDENTITY (
    SEQUENCE NAME public.facturacion_ticket_unidades_id_seq
    START WITH 1
    INCREMENT BY 1
    NO MINVALUE
    NO MAXVALUE
    CACHE 1
);


--
-- TOC entry 283 (class 1259 OID 237575)
-- Name: facturacion_ticketdetalleunidad; Type: TABLE; Schema: public; Owner: neondb_owner
--

CREATE TABLE public.facturacion_ticketdetalleunidad (
    id bigint NOT NULL,
    monto numeric(12,2) NOT NULL,
    ticket_id bigint NOT NULL,
    unidad_id bigint NOT NULL
);


ALTER TABLE public.facturacion_ticketdetalleunidad OWNER TO neondb_owner;

--
-- TOC entry 282 (class 1259 OID 237574)
-- Name: facturacion_ticketdetalleunidad_id_seq; Type: SEQUENCE; Schema: public; Owner: neondb_owner
--

ALTER TABLE public.facturacion_ticketdetalleunidad ALTER COLUMN id ADD GENERATED BY DEFAULT AS IDENTITY (
    SEQUENCE NAME public.facturacion_ticketdetalleunidad_id_seq
    START WITH 1
    INCREMENT BY 1
    NO MINVALUE
    NO MAXVALUE
    CACHE 1
);


--
-- TOC entry 269 (class 1259 OID 131073)
-- Name: logistica_configuracionbono; Type: TABLE; Schema: public; Owner: neondb_owner
--

CREATE TABLE public.logistica_configuracionbono (
    id bigint NOT NULL,
    capacidad numeric(4,1) NOT NULL,
    monto_base numeric(10,2) NOT NULL
);


ALTER TABLE public.logistica_configuracionbono OWNER TO neondb_owner;

--
-- TOC entry 268 (class 1259 OID 131072)
-- Name: logistica_configuracionbono_id_seq; Type: SEQUENCE; Schema: public; Owner: neondb_owner
--

ALTER TABLE public.logistica_configuracionbono ALTER COLUMN id ADD GENERATED BY DEFAULT AS IDENTITY (
    SEQUENCE NAME public.logistica_configuracionbono_id_seq
    START WITH 1
    INCREMENT BY 1
    NO MINVALUE
    NO MAXVALUE
    CACHE 1
);


--
-- TOC entry 263 (class 1259 OID 73735)
-- Name: logistica_viaje; Type: TABLE; Schema: public; Owner: neondb_owner
--

CREATE TABLE public.logistica_viaje (
    id bigint NOT NULL,
    tienda integer,
    fecha_salida timestamp with time zone,
    fecha_llegada timestamp with time zone,
    completado boolean NOT NULL,
    observaciones text,
    operador_id bigint NOT NULL,
    vehiculo_id bigint NOT NULL,
    estatus character varying(20) NOT NULL,
    ayudante_id bigint,
    bono_sancionado boolean NOT NULL,
    justificacion_sancion text,
    destino character varying(255)
);


ALTER TABLE public.logistica_viaje OWNER TO neondb_owner;

--
-- TOC entry 262 (class 1259 OID 73734)
-- Name: logistica_viaje_id_seq; Type: SEQUENCE; Schema: public; Owner: neondb_owner
--

ALTER TABLE public.logistica_viaje ALTER COLUMN id ADD GENERATED BY DEFAULT AS IDENTITY (
    SEQUENCE NAME public.logistica_viaje_id_seq
    START WITH 1
    INCREMENT BY 1
    NO MINVALUE
    NO MAXVALUE
    CACHE 1
);


--
-- TOC entry 240 (class 1259 OID 16673)
-- Name: mantenimiento_inventariorefacciones; Type: TABLE; Schema: public; Owner: neondb_owner
--

CREATE TABLE public.mantenimiento_inventariorefacciones (
    id bigint NOT NULL,
    nombre character varying(200) NOT NULL,
    sku character varying(100) NOT NULL,
    cantidad integer NOT NULL,
    precio_unitario numeric(10,2) NOT NULL
);


ALTER TABLE public.mantenimiento_inventariorefacciones OWNER TO neondb_owner;

--
-- TOC entry 239 (class 1259 OID 16672)
-- Name: mantenimiento_inventariorefacciones_id_seq; Type: SEQUENCE; Schema: public; Owner: neondb_owner
--

ALTER TABLE public.mantenimiento_inventariorefacciones ALTER COLUMN id ADD GENERATED BY DEFAULT AS IDENTITY (
    SEQUENCE NAME public.mantenimiento_inventariorefacciones_id_seq
    START WITH 1
    INCREMENT BY 1
    NO MINVALUE
    NO MAXVALUE
    CACHE 1
);


--
-- TOC entry 242 (class 1259 OID 16681)
-- Name: mantenimiento_mantenimientopreventivo; Type: TABLE; Schema: public; Owner: neondb_owner
--

CREATE TABLE public.mantenimiento_mantenimientopreventivo (
    id bigint NOT NULL,
    fecha_programada date NOT NULL,
    descripcion text NOT NULL,
    completado boolean NOT NULL,
    unidad_id bigint NOT NULL
);


ALTER TABLE public.mantenimiento_mantenimientopreventivo OWNER TO neondb_owner;

--
-- TOC entry 241 (class 1259 OID 16680)
-- Name: mantenimiento_mantenimientopreventivo_id_seq; Type: SEQUENCE; Schema: public; Owner: neondb_owner
--

ALTER TABLE public.mantenimiento_mantenimientopreventivo ALTER COLUMN id ADD GENERATED BY DEFAULT AS IDENTITY (
    SEQUENCE NAME public.mantenimiento_mantenimientopreventivo_id_seq
    START WITH 1
    INCREMENT BY 1
    NO MINVALUE
    NO MAXVALUE
    CACHE 1
);


--
-- TOC entry 244 (class 1259 OID 16689)
-- Name: mantenimiento_ordentrabajo; Type: TABLE; Schema: public; Owner: neondb_owner
--

CREATE TABLE public.mantenimiento_ordentrabajo (
    id bigint NOT NULL,
    fecha_creacion timestamp with time zone NOT NULL,
    descripcion text NOT NULL,
    estatus character varying(20) NOT NULL,
    unidad_id bigint NOT NULL,
    archivo_escaneado character varying(100),
    costo_total numeric(12,2) NOT NULL,
    folio character varying(50),
    tipo character varying(20) NOT NULL,
    motivo_espera character varying(50),
    taller_id bigint
);


ALTER TABLE public.mantenimiento_ordentrabajo OWNER TO neondb_owner;

--
-- TOC entry 251 (class 1259 OID 40961)
-- Name: mantenimiento_ordentrabajo_facturas; Type: TABLE; Schema: public; Owner: neondb_owner
--

CREATE TABLE public.mantenimiento_ordentrabajo_facturas (
    id bigint NOT NULL,
    ordentrabajo_id bigint NOT NULL,
    factura_id bigint NOT NULL
);


ALTER TABLE public.mantenimiento_ordentrabajo_facturas OWNER TO neondb_owner;

--
-- TOC entry 250 (class 1259 OID 40960)
-- Name: mantenimiento_ordentrabajo_facturas_id_seq; Type: SEQUENCE; Schema: public; Owner: neondb_owner
--

ALTER TABLE public.mantenimiento_ordentrabajo_facturas ALTER COLUMN id ADD GENERATED BY DEFAULT AS IDENTITY (
    SEQUENCE NAME public.mantenimiento_ordentrabajo_facturas_id_seq
    START WITH 1
    INCREMENT BY 1
    NO MINVALUE
    NO MAXVALUE
    CACHE 1
);


--
-- TOC entry 243 (class 1259 OID 16688)
-- Name: mantenimiento_ordentrabajo_id_seq; Type: SEQUENCE; Schema: public; Owner: neondb_owner
--

ALTER TABLE public.mantenimiento_ordentrabajo ALTER COLUMN id ADD GENERATED BY DEFAULT AS IDENTITY (
    SEQUENCE NAME public.mantenimiento_ordentrabajo_id_seq
    START WITH 1
    INCREMENT BY 1
    NO MINVALUE
    NO MAXVALUE
    CACHE 1
);


--
-- TOC entry 246 (class 1259 OID 16697)
-- Name: mantenimiento_ordentrabajo_refacciones; Type: TABLE; Schema: public; Owner: neondb_owner
--

CREATE TABLE public.mantenimiento_ordentrabajo_refacciones (
    id bigint NOT NULL,
    ordentrabajo_id bigint NOT NULL,
    inventariorefacciones_id bigint NOT NULL
);


ALTER TABLE public.mantenimiento_ordentrabajo_refacciones OWNER TO neondb_owner;

--
-- TOC entry 245 (class 1259 OID 16696)
-- Name: mantenimiento_ordentrabajo_refacciones_id_seq; Type: SEQUENCE; Schema: public; Owner: neondb_owner
--

ALTER TABLE public.mantenimiento_ordentrabajo_refacciones ALTER COLUMN id ADD GENERATED BY DEFAULT AS IDENTITY (
    SEQUENCE NAME public.mantenimiento_ordentrabajo_refacciones_id_seq
    START WITH 1
    INCREMENT BY 1
    NO MINVALUE
    NO MAXVALUE
    CACHE 1
);


--
-- TOC entry 275 (class 1259 OID 188417)
-- Name: mantenimiento_ordentrabajo_tickets; Type: TABLE; Schema: public; Owner: neondb_owner
--

CREATE TABLE public.mantenimiento_ordentrabajo_tickets (
    id bigint NOT NULL,
    ordentrabajo_id bigint NOT NULL,
    ticket_id bigint NOT NULL
);


ALTER TABLE public.mantenimiento_ordentrabajo_tickets OWNER TO neondb_owner;

--
-- TOC entry 274 (class 1259 OID 188416)
-- Name: mantenimiento_ordentrabajo_tickets_id_seq; Type: SEQUENCE; Schema: public; Owner: neondb_owner
--

ALTER TABLE public.mantenimiento_ordentrabajo_tickets ALTER COLUMN id ADD GENERATED BY DEFAULT AS IDENTITY (
    SEQUENCE NAME public.mantenimiento_ordentrabajo_tickets_id_seq
    START WITH 1
    INCREMENT BY 1
    NO MINVALUE
    NO MAXVALUE
    CACHE 1
);


--
-- TOC entry 257 (class 1259 OID 57353)
-- Name: mantenimiento_taller; Type: TABLE; Schema: public; Owner: neondb_owner
--

CREATE TABLE public.mantenimiento_taller (
    id bigint NOT NULL,
    nombre character varying(200) NOT NULL,
    direccion text,
    telefono character varying(20),
    especialidad character varying(255),
    latitud numeric(9,6),
    longitud numeric(9,6),
    url_mapa character varying(500),
    razon_social character varying(255),
    rfc character varying(13)
);


ALTER TABLE public.mantenimiento_taller OWNER TO neondb_owner;

--
-- TOC entry 256 (class 1259 OID 57352)
-- Name: mantenimiento_taller_id_seq; Type: SEQUENCE; Schema: public; Owner: neondb_owner
--

ALTER TABLE public.mantenimiento_taller ALTER COLUMN id ADD GENERATED BY DEFAULT AS IDENTITY (
    SEQUENCE NAME public.mantenimiento_taller_id_seq
    START WITH 1
    INCREMENT BY 1
    NO MINVALUE
    NO MAXVALUE
    CACHE 1
);


--
-- TOC entry 273 (class 1259 OID 155649)
-- Name: operadores_asignacionhorario; Type: TABLE; Schema: public; Owner: neondb_owner
--

CREATE TABLE public.operadores_asignacionhorario (
    id bigint NOT NULL,
    tienda character varying(200),
    horario character varying(50) NOT NULL,
    fecha date NOT NULL,
    operador_id bigint NOT NULL,
    unidad_id bigint,
    es_personal boolean NOT NULL
);


ALTER TABLE public.operadores_asignacionhorario OWNER TO neondb_owner;

--
-- TOC entry 272 (class 1259 OID 155648)
-- Name: operadores_asignacionhorario_id_seq; Type: SEQUENCE; Schema: public; Owner: neondb_owner
--

ALTER TABLE public.operadores_asignacionhorario ALTER COLUMN id ADD GENERATED BY DEFAULT AS IDENTITY (
    SEQUENCE NAME public.operadores_asignacionhorario_id_seq
    START WITH 1
    INCREMENT BY 1
    NO MINVALUE
    NO MAXVALUE
    CACHE 1
);


--
-- TOC entry 261 (class 1259 OID 73729)
-- Name: operadores_operador; Type: TABLE; Schema: public; Owner: neondb_owner
--

CREATE TABLE public.operadores_operador (
    id bigint NOT NULL,
    nombre character varying(100) NOT NULL,
    apellido character varying(100) NOT NULL,
    telefono character varying(20),
    tipo_licencia character varying(50) NOT NULL,
    estatus character varying(20) NOT NULL,
    fecha_registro timestamp with time zone NOT NULL
);


ALTER TABLE public.operadores_operador OWNER TO neondb_owner;

--
-- TOC entry 260 (class 1259 OID 73728)
-- Name: operadores_operador_id_seq; Type: SEQUENCE; Schema: public; Owner: neondb_owner
--

ALTER TABLE public.operadores_operador ALTER COLUMN id ADD GENERATED BY DEFAULT AS IDENTITY (
    SEQUENCE NAME public.operadores_operador_id_seq
    START WITH 1
    INCREMENT BY 1
    NO MINVALUE
    NO MAXVALUE
    CACHE 1
);


--
-- TOC entry 255 (class 1259 OID 57345)
-- Name: proveedores_proveedor; Type: TABLE; Schema: public; Owner: neondb_owner
--

CREATE TABLE public.proveedores_proveedor (
    id bigint NOT NULL,
    nombre character varying(200) NOT NULL,
    categoria character varying(50) NOT NULL,
    telefono character varying(20),
    email character varying(254),
    direccion text,
    sitio_web character varying(200),
    fecha_registro timestamp with time zone NOT NULL,
    razon_social character varying(255),
    rfc character varying(13)
);


ALTER TABLE public.proveedores_proveedor OWNER TO neondb_owner;

--
-- TOC entry 254 (class 1259 OID 57344)
-- Name: proveedores_proveedor_id_seq; Type: SEQUENCE; Schema: public; Owner: neondb_owner
--

ALTER TABLE public.proveedores_proveedor ALTER COLUMN id ADD GENERATED BY DEFAULT AS IDENTITY (
    SEQUENCE NAME public.proveedores_proveedor_id_seq
    START WITH 1
    INCREMENT BY 1
    NO MINVALUE
    NO MAXVALUE
    CACHE 1
);


--
-- TOC entry 259 (class 1259 OID 65537)
-- Name: usuarios_perfil; Type: TABLE; Schema: public; Owner: neondb_owner
--

CREATE TABLE public.usuarios_perfil (
    id bigint NOT NULL,
    rol character varying(20) NOT NULL,
    user_id integer NOT NULL
);


ALTER TABLE public.usuarios_perfil OWNER TO neondb_owner;

--
-- TOC entry 258 (class 1259 OID 65536)
-- Name: usuarios_perfil_id_seq; Type: SEQUENCE; Schema: public; Owner: neondb_owner
--

ALTER TABLE public.usuarios_perfil ALTER COLUMN id ADD GENERATED BY DEFAULT AS IDENTITY (
    SEQUENCE NAME public.usuarios_perfil_id_seq
    START WITH 1
    INCREMENT BY 1
    NO MINVALUE
    NO MAXVALUE
    CACHE 1
);


--
-- TOC entry 236 (class 1259 OID 16649)
-- Name: vehiculos_remolquecaja; Type: TABLE; Schema: public; Owner: neondb_owner
--

CREATE TABLE public.vehiculos_remolquecaja (
    id bigint NOT NULL,
    placas character varying(20) NOT NULL,
    numero_economico character varying(50) NOT NULL,
    tipo character varying(100),
    modelo integer,
    numero_serie character varying(100)
);


ALTER TABLE public.vehiculos_remolquecaja OWNER TO neondb_owner;

--
-- TOC entry 235 (class 1259 OID 16648)
-- Name: vehiculos_remolquecaja_id_seq; Type: SEQUENCE; Schema: public; Owner: neondb_owner
--

ALTER TABLE public.vehiculos_remolquecaja ALTER COLUMN id ADD GENERATED BY DEFAULT AS IDENTITY (
    SEQUENCE NAME public.vehiculos_remolquecaja_id_seq
    START WITH 1
    INCREMENT BY 1
    NO MINVALUE
    NO MAXVALUE
    CACHE 1
);


--
-- TOC entry 238 (class 1259 OID 16659)
-- Name: vehiculos_unidadtractocamion; Type: TABLE; Schema: public; Owner: neondb_owner
--

CREATE TABLE public.vehiculos_unidadtractocamion (
    id bigint NOT NULL,
    placas character varying(20) NOT NULL,
    numero_economico character varying(50) NOT NULL,
    marca character varying(100) NOT NULL,
    modelo character varying(100),
    anio integer,
    imagen character varying(100),
    numero_vin character varying(100),
    estado character varying(20) NOT NULL,
    fecha_ultima_carga date,
    ignorar_kilometraje boolean NOT NULL,
    ultimo_kilometraje integer NOT NULL,
    ultimo_rendimiento numeric(10,2) NOT NULL,
    capacidad numeric(4,1) NOT NULL,
    tipo_combustible character varying(20) NOT NULL,
    fecha_ultimo_mantenimiento date,
    ultimo_kilometraje_mantenimiento integer NOT NULL
);


ALTER TABLE public.vehiculos_unidadtractocamion OWNER TO neondb_owner;

--
-- TOC entry 237 (class 1259 OID 16658)
-- Name: vehiculos_unidadtractocamion_id_seq; Type: SEQUENCE; Schema: public; Owner: neondb_owner
--

ALTER TABLE public.vehiculos_unidadtractocamion ALTER COLUMN id ADD GENERATED BY DEFAULT AS IDENTITY (
    SEQUENCE NAME public.vehiculos_unidadtractocamion_id_seq
    START WITH 1
    INCREMENT BY 1
    NO MINVALUE
    NO MAXVALUE
    CACHE 1
);


--
-- TOC entry 285 (class 1259 OID 278529)
-- Name: vehiculos_vehiculovariado; Type: TABLE; Schema: public; Owner: neondb_owner
--

CREATE TABLE public.vehiculos_vehiculovariado (
    id bigint NOT NULL,
    placas character varying(50),
    numero_economico character varying(50) NOT NULL,
    tipo character varying(100),
    modelo character varying(100),
    numero_serie character varying(100)
);


ALTER TABLE public.vehiculos_vehiculovariado OWNER TO neondb_owner;

--
-- TOC entry 284 (class 1259 OID 278528)
-- Name: vehiculos_vehiculovariado_id_seq; Type: SEQUENCE; Schema: public; Owner: neondb_owner
--

ALTER TABLE public.vehiculos_vehiculovariado ALTER COLUMN id ADD GENERATED BY DEFAULT AS IDENTITY (
    SEQUENCE NAME public.vehiculos_vehiculovariado_id_seq
    START WITH 1
    INCREMENT BY 1
    NO MINVALUE
    NO MAXVALUE
    CACHE 1
);


--
-- TOC entry 3767 (class 0 OID 16534)
-- Dependencies: 224
-- Data for Name: auth_group; Type: TABLE DATA; Schema: public; Owner: neondb_owner
--

COPY public.auth_group (id, name) FROM stdin;
\.


--
-- TOC entry 3769 (class 0 OID 16542)
-- Dependencies: 226
-- Data for Name: auth_group_permissions; Type: TABLE DATA; Schema: public; Owner: neondb_owner
--

COPY public.auth_group_permissions (id, group_id, permission_id) FROM stdin;
\.


--
-- TOC entry 3765 (class 0 OID 16528)
-- Dependencies: 222
-- Data for Name: auth_permission; Type: TABLE DATA; Schema: public; Owner: neondb_owner
--

COPY public.auth_permission (id, name, content_type_id, codename) FROM stdin;
1	Can add log entry	1	add_logentry
2	Can change log entry	1	change_logentry
3	Can delete log entry	1	delete_logentry
4	Can view log entry	1	view_logentry
5	Can add permission	3	add_permission
6	Can change permission	3	change_permission
7	Can delete permission	3	delete_permission
8	Can view permission	3	view_permission
9	Can add group	2	add_group
10	Can change group	2	change_group
11	Can delete group	2	delete_group
12	Can view group	2	view_group
13	Can add user	4	add_user
14	Can change user	4	change_user
15	Can delete user	4	delete_user
16	Can view user	4	view_user
17	Can add content type	5	add_contenttype
18	Can change content type	5	change_contenttype
19	Can delete content type	5	delete_contenttype
20	Can view content type	5	view_contenttype
21	Can add session	6	add_session
22	Can change session	6	change_session
23	Can delete session	6	delete_session
24	Can view session	6	view_session
25	Can add remolque caja	7	add_remolquecaja
26	Can change remolque caja	7	change_remolquecaja
27	Can delete remolque caja	7	delete_remolquecaja
28	Can view remolque caja	7	view_remolquecaja
29	Can add unidad tractocamion	8	add_unidadtractocamion
30	Can change unidad tractocamion	8	change_unidadtractocamion
31	Can delete unidad tractocamion	8	delete_unidadtractocamion
32	Can view unidad tractocamion	8	view_unidadtractocamion
33	Can add inventario refacciones	9	add_inventariorefacciones
34	Can change inventario refacciones	9	change_inventariorefacciones
35	Can delete inventario refacciones	9	delete_inventariorefacciones
36	Can view inventario refacciones	9	view_inventariorefacciones
37	Can add mantenimiento preventivo	10	add_mantenimientopreventivo
38	Can change mantenimiento preventivo	10	change_mantenimientopreventivo
39	Can delete mantenimiento preventivo	10	delete_mantenimientopreventivo
40	Can view mantenimiento preventivo	10	view_mantenimientopreventivo
41	Can add orden trabajo	11	add_ordentrabajo
42	Can change orden trabajo	11	change_ordentrabajo
43	Can delete orden trabajo	11	delete_ordentrabajo
44	Can view orden trabajo	11	view_ordentrabajo
45	Can add Factura	12	add_factura
46	Can change Factura	12	change_factura
47	Can delete Factura	12	delete_factura
48	Can view Factura	12	view_factura
49	Can add Producto/Servicio	13	add_producto
50	Can change Producto/Servicio	13	change_producto
51	Can delete Producto/Servicio	13	delete_producto
52	Can view Producto/Servicio	13	view_producto
53	Can add proveedor	14	add_proveedor
54	Can change proveedor	14	change_proveedor
55	Can delete proveedor	14	delete_proveedor
56	Can view proveedor	14	view_proveedor
57	Can add taller	15	add_taller
58	Can change taller	15	change_taller
59	Can delete taller	15	delete_taller
60	Can view taller	15	view_taller
61	Can add perfil	16	add_perfil
62	Can change perfil	16	change_perfil
63	Can delete perfil	16	delete_perfil
64	Can view perfil	16	view_perfil
65	Can add Operador	17	add_operador
66	Can change Operador	17	change_operador
67	Can delete Operador	17	delete_operador
68	Can view Operador	17	view_operador
69	Can add Viaje	18	add_viaje
70	Can change Viaje	18	change_viaje
71	Can delete Viaje	18	delete_viaje
72	Can view Viaje	18	view_viaje
73	Can add Precio de Combustible	20	add_preciocombustible
74	Can change Precio de Combustible	20	change_preciocombustible
75	Can delete Precio de Combustible	20	delete_preciocombustible
76	Can view Precio de Combustible	20	view_preciocombustible
77	Can add Carga de Combustible	19	add_cargacombustible
78	Can change Carga de Combustible	19	change_cargacombustible
79	Can delete Carga de Combustible	19	delete_cargacombustible
80	Can view Carga de Combustible	19	view_cargacombustible
81	Can add Configuración de Bono	21	add_configuracionbono
82	Can change Configuración de Bono	21	change_configuracionbono
83	Can delete Configuración de Bono	21	delete_configuracionbono
84	Can view Configuración de Bono	21	view_configuracionbono
85	Can add Ticket	22	add_ticket
86	Can change Ticket	22	change_ticket
87	Can delete Ticket	22	delete_ticket
88	Can view Ticket	22	view_ticket
89	Can add Asignación de Horario	23	add_asignacionhorario
90	Can change Asignación de Horario	23	change_asignacionhorario
91	Can delete Asignación de Horario	23	delete_asignacionhorario
92	Can view Asignación de Horario	23	view_asignacionhorario
93	Can add Detalle de Gasto por Unidad (Factura)	24	add_facturadetalleunidad
94	Can change Detalle de Gasto por Unidad (Factura)	24	change_facturadetalleunidad
95	Can delete Detalle de Gasto por Unidad (Factura)	24	delete_facturadetalleunidad
96	Can view Detalle de Gasto por Unidad (Factura)	24	view_facturadetalleunidad
97	Can add Detalle de Gasto por Unidad (Ticket)	25	add_ticketdetalleunidad
98	Can change Detalle de Gasto por Unidad (Ticket)	25	change_ticketdetalleunidad
99	Can delete Detalle de Gasto por Unidad (Ticket)	25	delete_ticketdetalleunidad
100	Can view Detalle de Gasto por Unidad (Ticket)	25	view_ticketdetalleunidad
101	Can add vehiculo variado	26	add_vehiculovariado
102	Can change vehiculo variado	26	change_vehiculovariado
103	Can delete vehiculo variado	26	delete_vehiculovariado
104	Can view vehiculo variado	26	view_vehiculovariado
\.


--
-- TOC entry 3771 (class 0 OID 16548)
-- Dependencies: 228
-- Data for Name: auth_user; Type: TABLE DATA; Schema: public; Owner: neondb_owner
--

COPY public.auth_user (id, password, last_login, is_superuser, username, first_name, last_name, email, is_staff, is_active, date_joined) FROM stdin;
2	pbkdf2_sha256$1200000$Y326KT8tS6C7xWGUhh4QP9$wTcbryFvKv3YIXyl0GGr68T+wRdK/wZG852zcOb7R48=	\N	f	capturista			cap@test.com	f	t	2026-05-05 22:47:14.610293+00
3	pbkdf2_sha256$1200000$0SVP3CWk3HodJys3BZ29kC$D67AQZx5js/xW+uNjaZH/c/QDcPZlEGbNHxsSq6vjaU=	\N	f	logistica				f	t	2026-05-06 15:31:48.401312+00
4	pbkdf2_sha256$1200000$d5tQ1FKRe5lyGn1F6jDxyM$1bcRU8JQBugaNMFIjkQ6YTNj26Iky+e1LpTK/EFgNBI=	\N	f	monitor			monitor@autrotransportes.com	f	t	2026-05-06 16:05:45.779702+00
1	pbkdf2_sha256$1200000$Mk4ZUMzJ8IGiL6rXoN2RFu$xW/a8PiCR7S0vJgBE+3Jb9rQgA9f4q3NguBYe7PF0Ck=	\N	t	admin			admin@example.com	t	t	2026-05-05 22:47:13.276383+00
\.


--
-- TOC entry 3773 (class 0 OID 16556)
-- Dependencies: 230
-- Data for Name: auth_user_groups; Type: TABLE DATA; Schema: public; Owner: neondb_owner
--

COPY public.auth_user_groups (id, user_id, group_id) FROM stdin;
\.


--
-- TOC entry 3775 (class 0 OID 16562)
-- Dependencies: 232
-- Data for Name: auth_user_user_permissions; Type: TABLE DATA; Schema: public; Owner: neondb_owner
--

COPY public.auth_user_user_permissions (id, user_id, permission_id) FROM stdin;
\.


--
-- TOC entry 3810 (class 0 OID 81934)
-- Dependencies: 267
-- Data for Name: combustibles_cargacombustible; Type: TABLE DATA; Schema: public; Owner: neondb_owner
--

COPY public.combustibles_cargacombustible (id, fecha, tipo_combustible, precio_unitario, litros, monto_total, kilometraje, ignorar_kilometraje, rendimiento, fecha_registro, unidad_id, es_especial, km_equivocado) FROM stdin;
\.


--
-- TOC entry 3808 (class 0 OID 81926)
-- Dependencies: 265
-- Data for Name: combustibles_preciocombustible; Type: TABLE DATA; Schema: public; Owner: neondb_owner
--

COPY public.combustibles_preciocombustible (id, fecha, precio_magna, precio_premium, precio_diesel, precio_electrico) FROM stdin;
1	2026-05-05	25.00	25.00	25.00	0.00
2	2026-05-06	25.00	25.00	26.00	0.00
3	2026-05-04	19.50	28.00	29.00	0.00
4	2026-05-11	20.00	15.00	15.00	0.00
5	2026-05-14	25.00	25.00	25.00	0.00
\.


--
-- TOC entry 3777 (class 0 OID 16620)
-- Dependencies: 234
-- Data for Name: django_admin_log; Type: TABLE DATA; Schema: public; Owner: neondb_owner
--

COPY public.django_admin_log (id, action_time, object_id, object_repr, action_flag, change_message, content_type_id, user_id) FROM stdin;
\.


--
-- TOC entry 3763 (class 0 OID 16520)
-- Dependencies: 220
-- Data for Name: django_content_type; Type: TABLE DATA; Schema: public; Owner: neondb_owner
--

COPY public.django_content_type (id, app_label, model) FROM stdin;
1	admin	logentry
2	auth	group
3	auth	permission
4	auth	user
5	contenttypes	contenttype
6	sessions	session
7	vehiculos	remolquecaja
8	vehiculos	unidadtractocamion
9	mantenimiento	inventariorefacciones
10	mantenimiento	mantenimientopreventivo
11	mantenimiento	ordentrabajo
12	facturacion	factura
13	facturacion	producto
14	proveedores	proveedor
15	mantenimiento	taller
16	usuarios	perfil
17	operadores	operador
18	logistica	viaje
19	combustibles	cargacombustible
20	combustibles	preciocombustible
21	logistica	configuracionbono
22	facturacion	ticket
23	operadores	asignacionhorario
24	facturacion	facturadetalleunidad
25	facturacion	ticketdetalleunidad
26	vehiculos	vehiculovariado
\.


--
-- TOC entry 3761 (class 0 OID 16512)
-- Dependencies: 218
-- Data for Name: django_migrations; Type: TABLE DATA; Schema: public; Owner: neondb_owner
--

COPY public.django_migrations (id, app, name, applied) FROM stdin;
1	contenttypes	0001_initial	2026-05-04 18:24:30.462407+00
2	auth	0001_initial	2026-05-04 18:24:33.31956+00
3	admin	0001_initial	2026-05-04 18:24:34.070728+00
4	admin	0002_logentry_remove_auto_add	2026-05-04 18:24:34.171603+00
5	admin	0003_logentry_add_action_flag_choices	2026-05-04 18:24:34.455841+00
6	contenttypes	0002_remove_content_type_name	2026-05-04 18:24:35.023227+00
7	auth	0002_alter_permission_name_max_length	2026-05-04 18:24:35.396493+00
8	auth	0003_alter_user_email_max_length	2026-05-04 18:24:35.782015+00
9	auth	0004_alter_user_username_opts	2026-05-04 18:24:35.986045+00
10	auth	0005_alter_user_last_login_null	2026-05-04 18:24:36.498722+00
11	auth	0006_require_contenttypes_0002	2026-05-04 18:24:36.703909+00
12	auth	0007_alter_validators_add_error_messages	2026-05-04 18:24:37.018534+00
13	auth	0008_alter_user_username_max_length	2026-05-04 18:24:37.520622+00
14	auth	0009_alter_user_last_name_max_length	2026-05-04 18:24:38.035818+00
15	auth	0010_alter_group_name_max_length	2026-05-04 18:24:38.445047+00
16	auth	0011_update_proxy_permissions	2026-05-04 18:24:38.656855+00
17	auth	0012_alter_user_first_name_max_length	2026-05-04 18:24:39.161563+00
18	vehiculos	0001_initial	2026-05-04 18:24:40.185346+00
19	mantenimiento	0001_initial	2026-05-04 18:24:41.927791+00
20	sessions	0001_initial	2026-05-04 18:24:42.541715+00
21	facturacion	0001_initial	2026-05-04 18:45:39.387236+00
22	vehiculos	0002_unidadtractocamion_imagen_and_more	2026-05-04 18:51:39.218018+00
23	mantenimiento	0002_ordentrabajo_archivo_escaneado_and_more	2026-05-04 23:43:22.809385+00
24	mantenimiento	0003_ordentrabajo_facturas	2026-05-05 16:07:19.530433+00
25	vehiculos	0003_unidadtractocamion_estado	2026-05-05 16:07:20.039226+00
26	mantenimiento	0004_ordentrabajo_tipo	2026-05-05 16:21:50.739998+00
27	mantenimiento	0005_alter_ordentrabajo_estatus	2026-05-05 16:27:12.593533+00
28	facturacion	0002_producto_factura_producto	2026-05-05 17:34:36.626744+00
29	mantenimiento	0006_ordentrabajo_motivo_espera	2026-05-05 18:20:41.50428+00
30	proveedores	0001_initial	2026-05-05 18:43:11.498278+00
31	mantenimiento	0007_taller_ordentrabajo_taller	2026-05-05 18:55:34.132032+00
32	mantenimiento	0008_alter_ordentrabajo_estatus_alter_taller_especialidad	2026-05-05 19:37:19.590082+00
33	usuarios	0001_initial	2026-05-05 22:46:53.977428+00
34	usuarios	0002_alter_perfil_rol	2026-05-06 15:28:34.722033+00
35	operadores	0001_initial	2026-05-06 16:01:50.347842+00
36	logistica	0001_initial	2026-05-06 16:01:51.50939+00
37	usuarios	0003_alter_perfil_rol	2026-05-06 16:04:09.498625+00
38	logistica	0002_viaje_estatus	2026-05-06 16:20:09.300629+00
39	vehiculos	0004_unidadtractocamion_fecha_ultima_carga_and_more	2026-05-06 18:47:50.994058+00
40	combustibles	0001_initial	2026-05-06 18:47:52.017917+00
41	facturacion	0003_alter_factura_archivo_escaneado	2026-05-06 18:47:52.326592+00
42	combustibles	0002_alter_cargacombustible_kilometraje	2026-05-06 18:57:37.536438+00
43	vehiculos	0005_alter_unidadtractocamion_fecha_ultima_carga_and_more	2026-05-06 18:57:37.955766+00
44	vehiculos	0006_unidadtractocamion_capacidad	2026-05-06 20:35:41.386977+00
45	vehiculos	0007_alter_unidadtractocamion_capacidad	2026-05-06 20:46:38.898684+00
46	vehiculos	0008_alter_unidadtractocamion_capacidad	2026-05-06 20:50:25.830151+00
47	logistica	0003_viaje_ayudante_alter_viaje_operador	2026-05-06 22:04:42.501719+00
48	logistica	0004_viaje_bono_sancionado_viaje_justificacion_sancion	2026-05-07 15:13:23.053368+00
49	facturacion	0004_alter_factura_unidad	2026-05-07 17:50:21.780629+00
50	vehiculos	0009_unidadtractocamion_tipo_combustible	2026-05-07 18:57:34.988342+00
51	combustibles	0003_preciocombustible_precio_electrico_and_more	2026-05-07 18:59:17.449998+00
52	vehiculos	0010_alter_unidadtractocamion_capacidad	2026-05-07 19:03:34.48027+00
53	logistica	0005_alter_viaje_tienda	2026-05-07 19:15:59.018258+00
54	vehiculos	0011_alter_unidadtractocamion_capacidad	2026-05-07 19:56:26.803404+00
55	vehiculos	0012_alter_unidadtractocamion_capacidad	2026-05-07 20:03:10.351481+00
56	logistica	0006_configuracionbono	2026-05-07 20:13:45.572603+00
57	facturacion	0005_ticket_factura_ticket	2026-05-08 16:01:45.747697+00
58	facturacion	0006_alter_ticket_folio_emision	2026-05-08 17:15:21.191678+00
59	mantenimiento	0009_alter_taller_especialidad	2026-05-08 17:59:12.632806+00
60	facturacion	0007_factura_descripcion_factura_taller_and_more	2026-05-08 17:59:13.757777+00
61	operadores	0002_asignacionhorario	2026-05-08 20:09:15.837762+00
62	operadores	0003_alter_asignacionhorario_fecha_and_more	2026-05-08 20:20:35.629073+00
63	operadores	0004_alter_asignacionhorario_tienda	2026-05-08 20:33:47.575488+00
64	operadores	0005_asignacionhorario_es_personal	2026-05-09 16:12:35.32525+00
65	operadores	0006_alter_asignacionhorario_horario	2026-05-09 16:13:17.156363+00
66	operadores	0007_alter_asignacionhorario_horario	2026-05-09 16:13:33.893009+00
67	mantenimiento	0010_ordentrabajo_tickets	2026-05-09 18:06:40.714156+00
68	vehiculos	0013_unidadtractocamion_fecha_ultimo_mantenimiento_and_more	2026-05-12 16:21:02.959794+00
69	logistica	0007_viaje_destino_alter_viaje_estatus_and_more	2026-05-13 15:25:30.897038+00
70	facturacion	0008_factura_razon_social_emisor_factura_rfc_emisor	2026-05-14 16:13:49.093275+00
71	mantenimiento	0011_taller_razon_social_taller_rfc	2026-05-14 16:13:49.724821+00
72	proveedores	0002_proveedor_razon_social_proveedor_rfc	2026-05-14 19:00:28.565243+00
73	facturacion	0009_factura_proveedor_ticket_proveedor	2026-05-14 19:00:29.711307+00
74	facturacion	0010_factura_categoria_ticket_categoria	2026-05-14 20:03:49.004536+00
75	facturacion	0011_factura_unidades_ticket_unidades_and_more	2026-05-14 20:41:52.981825+00
76	facturacion	0012_facturadetalleunidad_ticketdetalleunidad	2026-05-15 17:38:20.105668+00
77	facturacion	0013_factura_iva_aplicado	2026-05-15 18:55:02.013238+00
78	combustibles	0004_cargacombustible_es_especial	2026-05-20 17:49:41.153775+00
79	combustibles	0005_cargacombustible_km_equivocado	2026-05-20 18:01:50.771756+00
80	mantenimiento	0012_alter_taller_direccion	2026-05-23 16:04:40.781357+00
81	vehiculos	0014_remolquecaja_modelo_remolquecaja_numero_serie	2026-05-23 16:19:33.851011+00
82	facturacion	0014_factura_caja_ticket_caja	2026-05-23 16:19:34.640601+00
83	vehiculos	0015_vehiculovariado	2026-05-23 17:49:32.406216+00
84	facturacion	0015_factura_variado_ticket_variado	2026-05-23 17:49:33.130704+00
85	facturacion	0016_factura_cancelado_factura_factura_reemplazo_and_more	2026-05-23 18:29:13.564792+00
\.


--
-- TOC entry 3790 (class 0 OID 16729)
-- Dependencies: 247
-- Data for Name: django_session; Type: TABLE DATA; Schema: public; Owner: neondb_owner
--

COPY public.django_session (session_key, session_data, expire_date) FROM stdin;
\.


--
-- TOC entry 3792 (class 0 OID 24577)
-- Dependencies: 249
-- Data for Name: facturacion_factura; Type: TABLE DATA; Schema: public; Owner: neondb_owner
--

COPY public.facturacion_factura (id, fecha, monto, folio, archivo_escaneado, fecha_registro, unidad_id, producto_id, ticket_id, descripcion, taller_id, razon_social_emisor, rfc_emisor, proveedor_id, categoria, iva_aplicado, caja_id, variado_id, cancelado, factura_reemplazo_id, motivo_cancelacion) FROM stdin;
18	2026-04-29	848.00	51E287	media/facturas/2026/05/factura_escaneada_1778862296271_artzmf	2026-05-15 16:26:05.434266+00	20	\N	9	compra de tapones	\N	Autozone De Mexico	AME970109GW0	2	Mantenimiento y Refacciones	f	\N	\N	f	\N	\N
31	2026-05-05	1216.97	B57BCC	media/facturas/2026/05/escaneo_1779223371806_dd4j5t	2026-05-19 20:42:56.122858+00	48	\N	22	refacciones varias unidades	\N	MAYCO APIZACO SA DE CV	MAP030708326	7	Otro	f	\N	\N	f	\N	\N
19	2026-05-12	18908.00	a7fd5d	media/facturas/2026/05/factura_escaneada_1778870488058_ecqfbr	2026-05-15 18:42:07.987502+00	37	\N	10	verificacion	\N	SERVICIOS INTEGRALES DE INSPECCION TOH	SII230922Q49	3	Administrativo	f	\N	\N	f	\N	\N
20	2026-05-05	1978.00	3FDC6C	media/facturas/2026/05/factura_escaneada_1778873621544_joh6kf	2026-05-15 19:34:07.546773+00	43	\N	11	direccional	\N	NIEVES SANCHES RODRIGUEZ	SARN570601SM2	4	Mantenimiento y Refacciones	f	\N	\N	f	\N	\N
21	2026-05-05	120.00	F15181	media/facturas/2026/05/factura_escaneada_1778873732906_tnoq5o	2026-05-15 19:35:39.375172+00	46	\N	12	junta de bomba	\N	NIEVES SANCHES RODRIGUEZ	SARN570601SM2	4	Mantenimiento y Refacciones	f	\N	\N	f	\N	\N
22	2026-05-05	390.00	3016B4	media/facturas/2026/05/factura_escaneada_1778873859412_x25myd	2026-05-15 19:37:44.025927+00	48	\N	13	limpiador carburadores	\N	NIEVES SANCHES RODRIGUEZ	SARN570601SM2	4	Mantenimiento y Refacciones	f	\N	\N	f	\N	\N
23	2026-05-05	6895.83	3CDACB	media/facturas/2026/05/factura_escaneada_1778874022902_wserl0	2026-05-15 19:40:47.390152+00	42	\N	14	refaciones variadas	\N	NIEVES SANCHES RODRIGUEZ	SARN570601SM2	4	Mantenimiento y Refacciones	f	\N	\N	f	\N	\N
25	2026-05-16	3749.63	18EB5E	media/facturas/2026/05/escaneo_1779219972080_ibgbtv	2026-05-19 19:43:10.869371+00	\N	\N	16	servicio de manejo de palgas	\N	MISHEL LOPEZ GUEVARA	LOG800216P49	5	Operativo	f	\N	\N	f	\N	\N
26	2026-05-05	21081.99	b4cac8	media/facturas/2026/05/escaneo_1779220886170_zbjckq	2026-05-19 20:02:07.301599+00	47	\N	17	compra de bomba y aceite	\N	MAURO HERNANDEZ SANCHEZ	HESM8307294F1	6	Mantenimiento y Refacciones	f	\N	\N	f	\N	\N
27	2026-05-05	9371.00	837c36	media/facturas/2026/05/escaneo_1779221057205_lxpr6u	2026-05-19 20:04:21.400513+00	48	\N	18	compra de refcacciones	\N	MAURO HERNANDEZ SANCHEZ	HESM8307294F1	6	Mantenimiento y Refacciones	f	\N	\N	f	\N	\N
28	2026-05-05	7181.99	8cbd09	media/facturas/2026/05/escaneo_1779221162992_c8ov1b	2026-05-19 20:06:32.726342+00	\N	\N	19	compra de aceite	\N	MAURO HERNANDEZ SANCHEZ	HESM8307294F1	6	Mantenimiento y Refacciones	f	\N	\N	f	\N	\N
29	2026-04-27	1190.00	bdf43d	media/facturas/2026/05/escaneo_1779221285110_xkyysm	2026-05-19 20:08:15.919746+00	42	\N	20	compra lodera	\N	MAURO HERNANDEZ SANCHEZ	HESM8307294F1	6	Mantenimiento y Refacciones	f	\N	\N	f	\N	\N
30	2026-04-27	28182.55	1DE8FE	media/facturas/2026/05/factura_1DE8FE_elagwu	2026-05-19 20:32:37.498371+00	71	\N	21	mantenimiento mayor	7	RUBEN RAMIRO ROJAS FERNANDEZ	FEOR9610266Y1	\N	Mantenimiento y Refacciones	f	\N	\N	f	\N	\N
\.


--
-- TOC entry 3820 (class 0 OID 229377)
-- Dependencies: 277
-- Data for Name: facturacion_factura_unidades; Type: TABLE DATA; Schema: public; Owner: neondb_owner
--

COPY public.facturacion_factura_unidades (id, factura_id, unidadtractocamion_id) FROM stdin;
2	18	20
3	19	101
4	19	38
5	19	39
6	19	40
7	19	41
8	19	42
9	19	43
10	19	102
11	19	45
12	19	46
13	19	47
14	19	48
15	19	37
16	20	43
17	21	46
18	22	48
19	23	42
20	26	47
21	27	48
22	29	42
23	30	71
24	31	48
25	31	91
26	31	61
\.


--
-- TOC entry 3824 (class 0 OID 237569)
-- Dependencies: 281
-- Data for Name: facturacion_facturadetalleunidad; Type: TABLE DATA; Schema: public; Owner: neondb_owner
--

COPY public.facturacion_facturadetalleunidad (id, monto, factura_id, unidad_id) FROM stdin;
40	1334.00	19	39
41	1334.00	19	38
42	1334.00	19	40
43	1334.00	19	41
44	1334.00	19	42
45	1334.00	19	43
46	1334.00	19	45
47	1334.00	19	46
48	1334.00	19	47
49	1334.00	19	48
50	1334.00	19	101
51	1334.00	19	102
52	2900.00	19	37
53	547.66	31	61
54	296.82	31	91
55	372.49	31	48
\.


--
-- TOC entry 3796 (class 0 OID 49153)
-- Dependencies: 253
-- Data for Name: facturacion_producto; Type: TABLE DATA; Schema: public; Owner: neondb_owner
--

COPY public.facturacion_producto (id, nombre, categoria, descripcion) FROM stdin;
18	Combustible (Carga Diaria)	Combustible	Carga de combustible registrada vía módulo diario
\.


--
-- TOC entry 3814 (class 0 OID 139265)
-- Dependencies: 271
-- Data for Name: facturacion_ticket; Type: TABLE DATA; Schema: public; Owner: neondb_owner
--

COPY public.facturacion_ticket (id, folio_interno, folio_emision, fecha, monto, archivo_escaneado, fecha_registro, convertido_en_factura, producto_id, unidad_id, descripcion, taller_id, proveedor_id, categoria, caja_id, variado_id) FROM stdin;
16	TK-00007	TK-00007	2026-05-16	3749.63		2026-05-19 19:43:10.099939+00	t	\N	\N	Auto-generado por Factura 18EB5E. servicio de manejo de palgas	\N	5	Operativo	\N	\N
9	TK-00001	TK-00001	2026-04-29	848.00		2026-05-15 16:26:04.731171+00	t	\N	20	Auto-generado por Factura 51E287. compra de tapones	\N	2	Mantenimiento y Refacciones	\N	\N
17	TK-00008	TK-00008	2026-05-05	21081.99		2026-05-19 20:02:06.250635+00	t	\N	47	Auto-generado por Factura b4cac8. compra de bomba y aceite	\N	6	Mantenimiento y Refacciones	\N	\N
18	TK-00009	TK-00009	2026-05-05	9371.00		2026-05-19 20:04:20.283172+00	t	\N	48	Auto-generado por Factura 837c36. compra de refcacciones	\N	6	Mantenimiento y Refacciones	\N	\N
10	TK-00002	TK-00002	2026-05-12	18908.00		2026-05-15 18:42:07.359456+00	t	\N	37	Auto-generado por Factura a7fd5d. verificacion	\N	3	Otro	\N	\N
11	TK-00003	TK-00003	2026-05-05	1978.00		2026-05-15 19:34:06.803081+00	t	\N	43	Auto-generado por Factura 3FDC6C. direccional	\N	4	Mantenimiento y Refacciones	\N	\N
19	TK-00010	TK-00010	2026-05-05	7181.99		2026-05-19 20:06:31.946438+00	t	\N	\N	Auto-generado por Factura 8cbd09. compra de aceite	\N	6	Mantenimiento y Refacciones	\N	\N
12	TK-00004	TK-00004	2026-05-05	120.00		2026-05-15 19:35:38.611063+00	t	\N	46	Auto-generado por Factura F15181. junta de bomba	\N	4	Mantenimiento y Refacciones	\N	\N
13	TK-00005	TK-00005	2026-05-05	390.00		2026-05-15 19:37:42.429714+00	t	\N	48	Auto-generado por Factura 3016B4. limpiador carburadores	\N	4	Mantenimiento y Refacciones	\N	\N
14	TK-00006	TK-00006	2026-05-05	6895.83		2026-05-15 19:40:46.285432+00	t	\N	42	Auto-generado por Factura 3CDACB. refaciones variadas	\N	4	Mantenimiento y Refacciones	\N	\N
20	TK-00011	TK-00011	2026-04-27	1190.00		2026-05-19 20:08:14.89923+00	t	\N	42	Auto-generado por Factura bdf43d. compra lodera	\N	6	Mantenimiento y Refacciones	\N	\N
21	TK-00012	TK-00012	2026-04-27	28182.55		2026-05-19 20:32:36.406917+00	t	\N	71	Auto-generado por Factura 1DE8FE. mantenimiento mayor	7	\N	Mantenimiento y Refacciones	\N	\N
22	TK-00013	TK-00013	2026-05-05	1216.97		2026-05-19 20:42:55.465856+00	t	\N	48	Auto-generado por Factura B57BCC. refacciones varias unidades	\N	7	Otro	\N	\N
\.


--
-- TOC entry 3822 (class 0 OID 229383)
-- Dependencies: 279
-- Data for Name: facturacion_ticket_unidades; Type: TABLE DATA; Schema: public; Owner: neondb_owner
--

COPY public.facturacion_ticket_unidades (id, ticket_id, unidadtractocamion_id) FROM stdin;
2	9	20
3	10	101
4	10	38
5	10	39
6	10	40
7	10	41
8	10	42
9	10	43
10	10	102
11	10	45
12	10	46
13	10	47
14	10	48
15	10	37
16	11	43
17	12	46
18	13	48
19	14	42
20	17	47
21	18	48
22	20	42
23	21	71
24	22	48
25	22	91
26	22	61
\.


--
-- TOC entry 3826 (class 0 OID 237575)
-- Dependencies: 283
-- Data for Name: facturacion_ticketdetalleunidad; Type: TABLE DATA; Schema: public; Owner: neondb_owner
--

COPY public.facturacion_ticketdetalleunidad (id, monto, ticket_id, unidad_id) FROM stdin;
1	1334.00	10	39
2	1334.00	10	38
3	1334.00	10	40
4	1334.00	10	41
5	1334.00	10	42
6	1334.00	10	43
7	1334.00	10	45
8	1334.00	10	46
9	1334.00	10	47
10	1334.00	10	48
11	1334.00	10	101
12	1334.00	10	102
13	2900.00	10	37
14	547.66	22	61
15	296.82	22	91
16	372.49	22	48
\.


--
-- TOC entry 3812 (class 0 OID 131073)
-- Dependencies: 269
-- Data for Name: logistica_configuracionbono; Type: TABLE DATA; Schema: public; Owner: neondb_owner
--

COPY public.logistica_configuracionbono (id, capacidad, monto_base) FROM stdin;
2	1.5	20.00
3	3.5	35.00
1	0.0	0.00
4	5.0	60.00
5	8.0	85.00
6	10.0	120.00
7	30.0	200.00
\.


--
-- TOC entry 3806 (class 0 OID 73735)
-- Dependencies: 263
-- Data for Name: logistica_viaje; Type: TABLE DATA; Schema: public; Owner: neondb_owner
--

COPY public.logistica_viaje (id, tienda, fecha_salida, fecha_llegada, completado, observaciones, operador_id, vehiculo_id, estatus, ayudante_id, bono_sancionado, justificacion_sancion, destino) FROM stdin;
\.


--
-- TOC entry 3783 (class 0 OID 16673)
-- Dependencies: 240
-- Data for Name: mantenimiento_inventariorefacciones; Type: TABLE DATA; Schema: public; Owner: neondb_owner
--

COPY public.mantenimiento_inventariorefacciones (id, nombre, sku, cantidad, precio_unitario) FROM stdin;
\.


--
-- TOC entry 3785 (class 0 OID 16681)
-- Dependencies: 242
-- Data for Name: mantenimiento_mantenimientopreventivo; Type: TABLE DATA; Schema: public; Owner: neondb_owner
--

COPY public.mantenimiento_mantenimientopreventivo (id, fecha_programada, descripcion, completado, unidad_id) FROM stdin;
\.


--
-- TOC entry 3787 (class 0 OID 16689)
-- Dependencies: 244
-- Data for Name: mantenimiento_ordentrabajo; Type: TABLE DATA; Schema: public; Owner: neondb_owner
--

COPY public.mantenimiento_ordentrabajo (id, fecha_creacion, descripcion, estatus, unidad_id, archivo_escaneado, costo_total, folio, tipo, motivo_espera, taller_id) FROM stdin;
\.


--
-- TOC entry 3794 (class 0 OID 40961)
-- Dependencies: 251
-- Data for Name: mantenimiento_ordentrabajo_facturas; Type: TABLE DATA; Schema: public; Owner: neondb_owner
--

COPY public.mantenimiento_ordentrabajo_facturas (id, ordentrabajo_id, factura_id) FROM stdin;
\.


--
-- TOC entry 3789 (class 0 OID 16697)
-- Dependencies: 246
-- Data for Name: mantenimiento_ordentrabajo_refacciones; Type: TABLE DATA; Schema: public; Owner: neondb_owner
--

COPY public.mantenimiento_ordentrabajo_refacciones (id, ordentrabajo_id, inventariorefacciones_id) FROM stdin;
\.


--
-- TOC entry 3818 (class 0 OID 188417)
-- Dependencies: 275
-- Data for Name: mantenimiento_ordentrabajo_tickets; Type: TABLE DATA; Schema: public; Owner: neondb_owner
--

COPY public.mantenimiento_ordentrabajo_tickets (id, ordentrabajo_id, ticket_id) FROM stdin;
\.


--
-- TOC entry 3800 (class 0 OID 57353)
-- Dependencies: 257
-- Data for Name: mantenimiento_taller; Type: TABLE DATA; Schema: public; Owner: neondb_owner
--

COPY public.mantenimiento_taller (id, nombre, direccion, telefono, especialidad, latitud, longitud, url_mapa, razon_social, rfc) FROM stdin;
7	ROMAEL SERVICIO INTEGRAL AUTOMOTRIZ	Calle vicente guerrero no.26 no. int 3c Amaxac de guerrero tlaxcala 90620		Mantenimiento General	\N	\N	https://maps.app.goo.gl/dhN8UmLGxPFVeiZ17	RUBEN RAMIRO ROJAS FERNANDEZ	FEOR9610266Y1
\.


--
-- TOC entry 3816 (class 0 OID 155649)
-- Dependencies: 273
-- Data for Name: operadores_asignacionhorario; Type: TABLE DATA; Schema: public; Owner: neondb_owner
--

COPY public.operadores_asignacionhorario (id, tienda, horario, fecha, operador_id, unidad_id, es_personal) FROM stdin;
\.


--
-- TOC entry 3804 (class 0 OID 73729)
-- Dependencies: 261
-- Data for Name: operadores_operador; Type: TABLE DATA; Schema: public; Owner: neondb_owner
--

COPY public.operadores_operador (id, nombre, apellido, telefono, tipo_licencia, estatus, fecha_registro) FROM stdin;
\.


--
-- TOC entry 3798 (class 0 OID 57345)
-- Dependencies: 255
-- Data for Name: proveedores_proveedor; Type: TABLE DATA; Schema: public; Owner: neondb_owner
--

COPY public.proveedores_proveedor (id, nombre, categoria, telefono, email, direccion, sitio_web, fecha_registro, razon_social, rfc) FROM stdin;
2	Autozone De Mexico	Refacciones					2026-05-15 16:20:13.181612+00	Autozone De Mexico	AME970109GW0
3	SERVICIOS INTEGRALES DE INSPECCION TOH	Servicios Generales					2026-05-15 18:04:00.13081+00	SERVICIOS INTEGRALES DE INSPECCION TOH	SII230922Q49
4	REFACCIONARIA DIESEL 3 HERMANOS	Refacciones	2414182588	rd3hermanos@yahoo.com.mx			2026-05-15 19:30:04.499346+00	NIEVES SANCHES RODRIGUEZ	SARN570601SM2
5	SISTEMAS AMBIENTALES DE MEXICO	Servicios Generales					2026-05-19 18:48:58.584208+00	MISHEL LOPEZ GUEVARA	LOG800216P49
6	TRUCK KING	Refacciones			APIZACO - TLAXCO 177 4TA SAN BARTOLOME MATLALOHCAN, CP: 90430 TETLA DE LA SOLIDARIDAD, TLAXCALA. Mexico		2026-05-19 19:52:09.304152+00	MAURO HERNANDEZ SANCHEZ	HESM8307294F1
7	MAYCO APIZACO	Refacciones	2414175462		16 de septimbre no. 506 colonia centro 90300 apizaco tlaxcala		2026-05-19 20:39:03.08153+00	MAYCO APIZACO SA DE CV	MAP030708326
\.


--
-- TOC entry 3802 (class 0 OID 65537)
-- Dependencies: 259
-- Data for Name: usuarios_perfil; Type: TABLE DATA; Schema: public; Owner: neondb_owner
--

COPY public.usuarios_perfil (id, rol, user_id) FROM stdin;
2	capturista	2
3	jefe_logistica	3
4	monitoreo	4
1	capturista	1
\.


--
-- TOC entry 3779 (class 0 OID 16649)
-- Dependencies: 236
-- Data for Name: vehiculos_remolquecaja; Type: TABLE DATA; Schema: public; Owner: neondb_owner
--

COPY public.vehiculos_remolquecaja (id, placas, numero_economico, tipo, modelo, numero_serie) FROM stdin;
1	001-WM9	G-080	CAJA STOUGHTON	1993	1DW1A5329PS840105
2	046-UA2	G-081	CAJA REMOSA	1992	922JCRME402030
3	055-UA2	G-082	CAJA FRUEHAUF RIVERA	1988	FM13951
4	811-VH8	G-083	CAJA BUDD	1979	171257M
5	010-UA2	G-085	CAJA FRUEHUAF	1981	FM10122
6	602-UC4	G-086	CAJA LOZANO	1987	TL004026
7	028-UA2	G-087	CAJA RUANO (GONDOLA)	2010	3C9YTEN38AA063044
8	240-WM9	G-088	CAJA FRAVAZ	2009	3S9SG14449F0128558
9	933-VE1	G-089	CAJA REMOSA	1976	VTG1067
10	932-WM8	G-090	PLANA FERBUS	1995	9530IFER2622
11	822-TZ4	G-091	CAJA CORPUS CHRISTI	2004	3C91048244A115037
12	03-TX1G	G-092	CAJA WABASH NATIONAL	1994	1JJR532Y0SL21688
13	810-WG9	G-093	CAJA JUGA	1998	982CJUGA130
14	49-UL7S	G-094	CAJA DORSEY	1997	1DTV11527VA259144
15	35U-N8L	G-095	CAJA WABASH	1999	1JJV482W7XL510405
16	66-UX-3K	G-096	CAJA UTILITY TRAILER	2009	1UYVS25339G644404
17	66-UW-9S	G-097	CAJA UTILITY TRAILER	2012	1UYVS2535CG225316
\.


--
-- TOC entry 3781 (class 0 OID 16659)
-- Dependencies: 238
-- Data for Name: vehiculos_unidadtractocamion; Type: TABLE DATA; Schema: public; Owner: neondb_owner
--

COPY public.vehiculos_unidadtractocamion (id, placas, numero_economico, marca, modelo, anio, imagen, numero_vin, estado, fecha_ultima_carga, ignorar_kilometraje, ultimo_kilometraje, ultimo_rendimiento, capacidad, tipo_combustible, fecha_ultimo_mantenimiento, ultimo_kilometraje_mantenimiento) FROM stdin;
43	506-EE6	A-007	KENWORTH	BLANCO	1993		F478277	operativa	\N	f	0	0.00	30.0	diesel	2026-05-12	0
44	864-CL3	A-008	FREGHTLINER	AZUL	1984		1FUEYBYB6EH248786	operativa	2026-05-15	f	0	0.00	30.0	diesel	2026-05-12	0
45	07-AY3P	A-009	FREGHTLINER	CASCADIA	2010		1FUJGLDR7ALAH6722	operativa	\N	f	0	0.00	30.0	diesel	2026-05-12	0
46	27-AS4R	A-010	PETERBILT	ROJO	2012		1XP4D49X8CD131878	operativa	\N	f	0	0.00	30.0	diesel	2026-05-12	0
47	86-AY-4C	A-011	FREIGHTLINER	COLUMBIA ROJO	2007		1FUJA6AVX7LX64275	operativa	\N	f	0	0.00	30.0	diesel	2026-05-12	0
16	XVZ-321-C	F-092	TOYOTA	AVANZA LE PLATA	2019		MHKMF5CE9KK004162	operativa	\N	f	0	0.00	0.0	magna	2026-05-12	0
18	XVP-981-C	F-095	NISSAN	V-DRIVE ROJO	2020		3N1CN7AD6LK414988	operativa	\N	f	0	0.00	0.0	magna	2026-05-12	0
19	XVP-980-C	F-096	NISSAN	VERSA ADVANCE	2021		3N1CN8AE2ML848836	operativa	\N	f	0	0.00	0.0	magna	2026-05-12	0
20	XVP-978-C	F-097	TOYOTA	HIACE	2021		JTFJM9CP3M6002910	operativa	\N	f	0	0.00	0.0	magna	2026-05-12	0
21	XTG-002-D	F-098	JEEP	GAND CHEROKEE LIMITED	2013		1C4RJFBT3DC563322	operativa	\N	f	0	0.00	0.0	magna	2026-05-12	0
22	37Y-808	F-099	KIA	NIRO HV	2019		KNDCC3LC2K5240376	operativa	\N	f	0	0.00	0.0	magna	2026-05-12	0
23	XVP-987-C	F-100	RENAULT	KWID INTENS	2022		93Y1R2D57NJ147395	operativa	\N	f	0	0.00	0.0	magna	2026-05-12	0
24	XVP-983-C	F-101	FORD	FIGO ENERGY	2021		MAJFP1M12MA206893	operativa	\N	f	0	0.00	0.0	magna	2026-05-12	0
25	XVP-751-C	F-102	FORD	FIGO TITANIUM	2021		MAJHP1P11MA206498	operativa	\N	f	0	0.00	0.0	magna	2026-05-12	0
26	XXA-841-B	F-103	AVANZA	PREMIUM BLANCA	2010		MHFMC13E0AK002914	operativa	\N	f	0	0.00	0.0	magna	2026-05-12	0
27	XXS-906-C	F-104	MITSUBISHI	MIRAGE G4 BLANCO	2024		ML3AFJ6J6RH000871	operativa	\N	f	0	0.00	0.0	magna	2026-05-12	0
28	XTL-890-D	F-105	TOYOTA	AVANZA LE MT	2023		MHFAB1BY5P3066922	operativa	\N	f	0	0.00	0.0	magna	2026-05-12	0
29	XUR-543-D	F-106	FIAT	MOBI TREKKING	2024		9BD341AB3RY901335	operativa	\N	f	0	0.00	0.0	magna	2026-05-12	0
30	38Y-640	F-107	TOYOTA	CAMRY SE HEV	2024		4T1S31AK5RU626912	operativa	\N	f	0	0.00	0.0	magna	2026-05-12	0
31	XVK-639-D	F-108	TOYOTA	AVANZA LE MT	2024		MHFAB1BY9R3079210	operativa	\N	f	0	0.00	0.0	magna	2026-05-12	0
32	38Y-684	F-109	DOLPHIN	MINI PLUS EV HATCHBACK	2025		LGXCE4CC8S0025116	operativa	\N	f	0	0.00	0.0	electrico	2026-05-12	0
33	40Y-285	F-110	TOYOTA	PRIUS BLANCO	2021		JTDKDTB31M1145229	operativa	\N	f	0	0.00	0.0	magna	2026-05-12	0
34	40Y-851	F-111	BYD	KING DM-i SEDAN PLUG IN	2025		LC0C76C43S0099495	operativa	\N	f	0	0.00	0.0	magna	2026-05-12	0
35	XTM-855-E	F-112	TOYOTA	AVANZA LE MT	2025		MHFAB1BY6S3146433	operativa	\N	f	0	0.00	0.0	magna	2026-05-12	0
36	41Y-490	F-113	TOYOTA	CAMRY XSE PLATINUM	2025		4T1DAACK9SU180491	operativa	\N	f	0	0.00	0.0	magna	2026-05-12	0
17	XVP-984-C	F-093	FIAT	MOBI LIKE CROSS ROJO	2020		9BD341A55LY646866	en_mantenimiento	\N	f	0	0.00	0.0	magna	2026-05-12	0
13	XVP-986-C	F-078	JEEP	GRAND CHEROKEE LIMITED	2011		1J4RR5GT9BC705238	en_mantenimiento	\N	f	0	0.00	0.0	magna	2026-05-12	0
15	37Y-807	F-090	TOYOTA	RAV4 FWD LIMITED HV	2020		JTMY23FV8LD057397	operativa	2026-05-11	f	46541	0.00	0.0	magna	2026-05-12	46541
64	WZ-7233-D	C-039	ISUZU	FORWARD 1100	2025		3MGFTR347SM000040	operativa	\N	f	0	0.00	10.0	diesel	2026-05-12	0
38	193-EE6	A-001	FREGHTLINER	BLANCO	2001		1FUJA6BD71LJ38907	operativa	\N	f	0	0.00	30.0	diesel	2026-05-12	0
39	329-ER4	A-002	DINA	BLANCO	1980		7117283B0	operativa	\N	f	0	0.00	30.0	diesel	2026-05-12	0
40	396-EE4	A-004	INSENSE	BLANCO	2005		3A9BWKBT75A111097	operativa	\N	f	0	0.00	30.0	diesel	2026-05-12	0
41	183-EE6	A-005	FREGHTLINER	COLUMBIA ROJO	2007		3AKJA6CG67DZ22862	operativa	\N	f	0	0.00	30.0	diesel	2026-05-12	0
42	025-AM4	A-006	FEDERTRAC	BLANCO	2008		3F9DA3A108T022184	operativa	\N	f	0	0.00	30.0	diesel	2026-05-12	0
48	86-BG-6M	A-012	FREIGHTLINER	CASCADIA GRIS	2015		3AKJGLD56FSFN3413	operativa	\N	f	0	0.00	30.0	diesel	2026-05-12	0
49	XC-4354-C	C-021	MERCEDEZ	BENZ TERMOKING	1994		3AM68813850028817	operativa	\N	f	0	0.00	5.0	diesel	2026-05-12	0
50	XC-4492-C	C-023	KENWORTH-KENMEX	VOLTEO	1995		2NKMHC7X2SF490054	operativa	\N	f	0	0.00	30.0	diesel	2026-05-12	0
51	XC-4281-C	C-026	FAW	GF 5000	2017		3GEC4PCA0HM000451	operativa	\N	f	0	0.00	5.0	diesel	2026-05-12	0
52	XD-6880-C	C-027	PIPA	ROJA FORD F-600	1964		F60DMEX452634	operativa	\N	f	0	0.00	30.0	diesel	2026-05-12	0
53	XC-4282-C	C-028	FAW	GF 5000	2019		3GEC4PCA9KM000133	operativa	\N	f	0	0.00	5.0	diesel	2026-05-12	0
54	XC-4283-C	C-029	FAW	GF 5000	2020		3GEC4PCA4LM000784	operativa	\N	f	0	0.00	5.0	diesel	2026-05-12	0
55	XC-4287-C	C-030	ISUZU	ELF 400	2009		JAANPR75997100472	operativa	\N	f	0	0.00	3.5	diesel	2026-05-12	0
56	XC-4278-C	C-031	ISUZU	ELF 400	2010		JAANPR753A7001036	operativa	\N	f	0	0.00	3.5	diesel	2026-05-12	0
57	XC-4277-C	C-032	ISUZU	ELF 400 GRIS	2008		JALC4B16787005858	operativa	\N	f	0	0.00	3.5	diesel	2026-05-12	0
58	XC-4358-C	C-033	STERLING	360-41	2008		JLMBBH1S78K033126	operativa	\N	f	0	0.00	3.5	diesel	2026-05-12	0
59	XC-4351-C	C-034	FREIGHTLINER	BLANCO	2015		JLMBBG1S3FK001197	operativa	\N	f	0	0.00	5.0	diesel	2026-05-12	0
60	XC-4284-C	C-035	ISUZU	ELF 400	2010		JAANPR751A7001925	operativa	\N	f	0	0.00	5.0	diesel	2026-05-12	0
61	XC-4352-C	C-036	INTERNATIONAL	4300-215 HP	2007		3HAMMAAR17L559509	operativa	\N	f	0	0.00	10.0	diesel	2026-05-12	0
62	XC-4286-C	C-037	ISUZU	ELF 400	2009		JAANPR75297000021	operativa	\N	f	0	0.00	5.0	diesel	2026-05-12	0
63	XA-3755-D	C-038	FREIGHTLINER	AZUL	2007		3ALACUCN97DY56204	operativa	\N	f	0	0.00	5.0	diesel	2026-05-12	0
65	XA-3662-D	C-040	FREIGHTLINER	M2 106	2017		1FVACWDT1HHHV8646	operativa	\N	f	0	0.00	10.0	diesel	2026-05-12	0
66	XA-3796-D	C-041	FREIGHTLINER	M2 106	2016		1FVACWDT1GHGY6801	operativa	\N	f	0	0.00	10.0	diesel	2026-05-12	0
67	XA-7887-D	C-042	FREIGHTLINER	M2 106	2016		1FVACXDT8GHGY6686	operativa	\N	f	0	0.00	10.0	diesel	2026-05-12	0
68	XB-11-949	D-030	FORD	F-350 ROJA	1994		3FEKF37HTRMA18713	operativa	\N	f	0	0.00	3.5	diesel	2026-05-12	0
69	XC-4357-C	D-031	CHRYSLER	RAM 4000	2002		3B6MC36552M286168	operativa	\N	f	0	0.00	3.5	diesel	2026-05-12	0
70	XC-8380-C	D-032	DODGE	RAM 4000	2000		3B6MC3658YM262276	operativa	\N	f	0	0.00	3.5	diesel	2026-05-12	0
71	XC-8379-C	D-033	CHEVROLET		2002		3GBJC34R62M110206	operativa	\N	f	0	0.00	3.5	diesel	2026-05-12	0
72	XC-4353-C	D-035	NISSAN	NP300	2009		3N6DD25T49K030478	operativa	\N	f	0	0.00	1.5	diesel	2026-05-12	0
73	XC-8378-C	D-036	FORD	F350	2003		3FDKF36B33MB44964	operativa	\N	f	0	0.00	3.5	diesel	2026-05-12	0
74	XB-52-856	D-037	HYUNDAI	H-100	2007		KMFZB17H37U286226	operativa	\N	f	0	0.00	1.5	diesel	2026-05-12	0
75	XC-4490-C	D-038	FORD	COURIER PICK UP	2002		9BFBT32N227938351	operativa	\N	f	0	0.00	30.0	diesel	2026-05-12	0
76	XC-4498-C	D-039	NISSAN	NP 300	2011		3N6DD25T0BK009648	operativa	\N	f	0	0.00	1.5	diesel	2026-05-12	0
77	XB-1194-8	D-040	CHEVROLET		2002		3GBJC34R42M114206	operativa	\N	f	0	0.00	10.0	diesel	2026-05-12	0
78	XVP-977-C	D-041	FIAT	DUCATO WAGON	2008		ZFAEA758381335146	operativa	\N	f	0	0.00	30.0	diesel	2026-05-12	0
79	XC-4500-C	D-044	DODGE	RAM 3500	1994		RM512519	operativa	\N	f	0	0.00	3.5	diesel	2026-05-12	0
80	XC-4493-C	D-045	NISSAN	NP300	2012		3N6DD25T7CK026660	operativa	\N	f	0	0.00	1.5	diesel	2026-05-12	0
81	WY-4527-B	D-046	DODGE	RAM 4000	2005		3D6WN56D25G251103	operativa	\N	f	0	0.00	3.5	diesel	2026-05-12	0
82	XC-4494-C	D-047	NISSAN	NP300	2015		3N6DD25X7FK027623	operativa	\N	f	0	0.00	1.5	diesel	2026-05-12	0
83	XC-4496-C	D-049	NISSAN	NP300	2015		3N6DD25X2FK030039	operativa	\N	f	0	0.00	1.5	diesel	2026-05-12	0
84	XC-4285-C	D-051	CHEVROLET		2004		3GBJC34R74M103848	operativa	\N	f	0	0.00	3.5	diesel	2026-05-12	0
85	XC-4355-C	D-052	TOYOTA	HILUX	2016		MR0EX8CB6G1391481	operativa	\N	f	0	0.00	1.5	diesel	2026-05-12	0
86	XC-4356-C	D-053	TOYOTA	HILUX	2016		MR0EX8CB5G1391407	operativa	\N	f	0	0.00	1.5	diesel	2026-05-12	0
87	XC-4499-C	D-055	RENAULT	KANGOO	2009		8A1FC1J529L049079	operativa	\N	f	0	0.00	30.0	diesel	2026-05-12	0
88	XC-4491-C	D-057	RAM	PROMASTER RAPID	2019		9BD265550K9118913	operativa	\N	f	0	0.00	30.0	diesel	2026-05-12	0
89	XC-4280-C	D-058	NISSAN	CABSTAR	2008		VWASHTF2981033224	operativa	\N	f	0	0.00	3.5	diesel	2026-05-12	0
90	XC-4279-C	D-059	FORD	F350	2001		3FDKF36L71MA43108	operativa	\N	f	0	0.00	3.5	diesel	2026-05-12	0
91	XC-4495-C	D-060	VOLKSWAGEN	VAN	2003		8AWLC09E93A649595	operativa	\N	f	0	0.00	30.0	diesel	2026-05-12	0
92	XC-4350-C	D-061	NISSAN	NP300	2018		3N6AD35C0JK893095	operativa	\N	f	0	0.00	1.5	diesel	2026-05-12	0
37	45-BG-4P	C-025	RABON	INTERNATIONAL BLANCO	1999	media/vehiculos/unidades/11111_jthldf	1HTSSAAM4XH645921	operativa	2026-05-14	f	80500	10.00	8.0	diesel	2026-05-12	80000
93	XE-1403-C	D-062	ISUZU	ELF 200E	2015		JAANLR858F7200049	operativa	\N	f	0	0.00	1.5	diesel	2026-05-12	0
94	XD-9527-C	D-063	ISUZU	ELF 200E	2012		JAANLR853C7200052	operativa	\N	f	0	0.00	1.5	diesel	2026-05-12	0
95	XE-1404-C	D-064	ISUZU	ELF 200E	2012		JAANLR854C7200982	operativa	\N	f	0	0.00	1.5	diesel	2026-05-12	0
96	XE-1405-C	D-065	ISUZU	ELF 200E	2013		JAANLR858D7201344	operativa	\N	f	0	0.00	1.5	diesel	2026-05-12	0
97	XD-9526-C	D-066	NISSAN	CABSTAR	2013		VWASHTF21D1152606	operativa	\N	f	0	0.00	3.5	diesel	2026-05-12	0
98	XA-40-595	D-327	NISSAN	QUALTIA	2005		KA24250352A	operativa	\N	f	0	0.00	1.5	diesel	2026-05-12	0
99	KV-95494	D-329	NISSAN	KIR	2005		10538.0	operativa	\N	f	0	0.00	1.5	diesel	2026-05-12	0
100	SN-42-466	K-11	NISSAN	NP300	2021		3N6AD35A1MK825861	operativa	\N	f	0	0.00	1.5	diesel	2026-05-12	0
101	094-CL6	B-010	TORTON	DINA BLANCO	1979		4611580A9	operativa	\N	f	0	0.00	10.0	diesel	2026-05-12	0
102	XC-8381-C	B-011	TORTON	DINA AZUL	1996		ST4954000738	operativa	\N	f	0	0.00	8.0	diesel	2026-05-12	0
14	XVP-750-C	F-087	VOLKSWAGEN	JETTA MK Vl	2015		3VW1M1AJ3FM332412	operativa	\N	f	0	0.00	0.0	magna	2026-05-12	0
\.


--
-- TOC entry 3828 (class 0 OID 278529)
-- Dependencies: 285
-- Data for Name: vehiculos_vehiculovariado; Type: TABLE DATA; Schema: public; Owner: neondb_owner
--

COPY public.vehiculos_vehiculovariado (id, placas, numero_economico, tipo, modelo, numero_serie) FROM stdin;
1	N/A	H-100	RETROEXCABADORA	416B	8SG13617
2	N/A	H-101	RETROEXCABADORA 2	416C	1XR00501
3	N/A	H-102	MOTOCOMFORMADORA	12F	89H1802
4	N/A	H-103	RODILLO VIBRADOR	CC-21	4892399
5	N/A	H-104	MONTACARGA (1)	PL02A25WU	PL02-005180
6	N/A	H-105	MONTACARGA (2)	SIN DOC	SIN DOC
7	N/A	H-106	MONTACARGA (3)	F625NLP	AF17D10551
8	N/A	H-107	PLANTA DE LUZ NEXO	6CTA8.362	45853423
9	N/A	H-108	PLANTA DE LUZ DAS	SIN DOC	SIN DOC
10	N/A	H-109	PLANTA DE LUZ DV2	05BA4672	G090506662-3
11	N/A	H-110	PLANTA PORTATIL	SIN DOC	SIN DOC
12	N/A	H-111	PLANTA PORTATIL AZUL	SIN DOC	SIN DOC
13	N/A	H-112	PLANTA PORTATIL GASOLINA	SIN DOC	SIN DOC
14	N/A	H-113	PLANTA ROJA GASOLINA	SIN DOC	SIN DOC
15	N/A	H-114	DOLLY FRIGHTLINER ARMADO	SIN DOC	SIN DOC
16	N/A	H-114-B	MOTO KURAZAI ROJA	SIN DOC	SIN DOC
17	N/A	H-115	CUATRIMOTO ROJA	SIN DOC	SIN DOC
18	N/A	H-115-B	MOTO ROJA/NEGRA ITALIKA	2015	3SCPFTDE2F1024247
19	SIN DOC	H-116	MOTO ZUZUKI AZUL	SIN DOC	SIN DOC
20	1RE2041	H-117	REMOLQUE HECHISO PARA MOTOS	2007	REM1RE2041
21	X2HG4	H-118	MOTOCARRO BLANCO	2014	3DVHCKZD2F1M00000
22	TJW-88	H-119	MOTOCARRO ROJO	2014	3DVHCMZE6E1M00360
23	TJN-35	H-120	MOTOCARRO BLANCO	2014	3DVHCKZD8E1M00615
24	FYPZU	H-121	MOTO HARLEY DIVIDSON	2011	5HD1HPHA4BC802451
25	0	H-122	RODILLO VIBRADOR	0	\N
\.


--
-- TOC entry 3834 (class 0 OID 0)
-- Dependencies: 223
-- Name: auth_group_id_seq; Type: SEQUENCE SET; Schema: public; Owner: neondb_owner
--

SELECT pg_catalog.setval('public.auth_group_id_seq', 1, false);


--
-- TOC entry 3835 (class 0 OID 0)
-- Dependencies: 225
-- Name: auth_group_permissions_id_seq; Type: SEQUENCE SET; Schema: public; Owner: neondb_owner
--

SELECT pg_catalog.setval('public.auth_group_permissions_id_seq', 1, false);


--
-- TOC entry 3836 (class 0 OID 0)
-- Dependencies: 221
-- Name: auth_permission_id_seq; Type: SEQUENCE SET; Schema: public; Owner: neondb_owner
--

SELECT pg_catalog.setval('public.auth_permission_id_seq', 104, true);


--
-- TOC entry 3837 (class 0 OID 0)
-- Dependencies: 229
-- Name: auth_user_groups_id_seq; Type: SEQUENCE SET; Schema: public; Owner: neondb_owner
--

SELECT pg_catalog.setval('public.auth_user_groups_id_seq', 1, false);


--
-- TOC entry 3838 (class 0 OID 0)
-- Dependencies: 227
-- Name: auth_user_id_seq; Type: SEQUENCE SET; Schema: public; Owner: neondb_owner
--

SELECT pg_catalog.setval('public.auth_user_id_seq', 4, true);


--
-- TOC entry 3839 (class 0 OID 0)
-- Dependencies: 231
-- Name: auth_user_user_permissions_id_seq; Type: SEQUENCE SET; Schema: public; Owner: neondb_owner
--

SELECT pg_catalog.setval('public.auth_user_user_permissions_id_seq', 1, false);


--
-- TOC entry 3840 (class 0 OID 0)
-- Dependencies: 266
-- Name: combustibles_cargacombustible_id_seq; Type: SEQUENCE SET; Schema: public; Owner: neondb_owner
--

SELECT pg_catalog.setval('public.combustibles_cargacombustible_id_seq', 10, true);


--
-- TOC entry 3841 (class 0 OID 0)
-- Dependencies: 264
-- Name: combustibles_preciocombustible_id_seq; Type: SEQUENCE SET; Schema: public; Owner: neondb_owner
--

SELECT pg_catalog.setval('public.combustibles_preciocombustible_id_seq', 5, true);


--
-- TOC entry 3842 (class 0 OID 0)
-- Dependencies: 233
-- Name: django_admin_log_id_seq; Type: SEQUENCE SET; Schema: public; Owner: neondb_owner
--

SELECT pg_catalog.setval('public.django_admin_log_id_seq', 1, false);


--
-- TOC entry 3843 (class 0 OID 0)
-- Dependencies: 219
-- Name: django_content_type_id_seq; Type: SEQUENCE SET; Schema: public; Owner: neondb_owner
--

SELECT pg_catalog.setval('public.django_content_type_id_seq', 26, true);


--
-- TOC entry 3844 (class 0 OID 0)
-- Dependencies: 217
-- Name: django_migrations_id_seq; Type: SEQUENCE SET; Schema: public; Owner: neondb_owner
--

SELECT pg_catalog.setval('public.django_migrations_id_seq', 85, true);


--
-- TOC entry 3845 (class 0 OID 0)
-- Dependencies: 248
-- Name: facturacion_factura_id_seq; Type: SEQUENCE SET; Schema: public; Owner: neondb_owner
--

SELECT pg_catalog.setval('public.facturacion_factura_id_seq', 31, true);


--
-- TOC entry 3846 (class 0 OID 0)
-- Dependencies: 276
-- Name: facturacion_factura_unidades_id_seq; Type: SEQUENCE SET; Schema: public; Owner: neondb_owner
--

SELECT pg_catalog.setval('public.facturacion_factura_unidades_id_seq', 26, true);


--
-- TOC entry 3847 (class 0 OID 0)
-- Dependencies: 280
-- Name: facturacion_facturadetalleunidad_id_seq; Type: SEQUENCE SET; Schema: public; Owner: neondb_owner
--

SELECT pg_catalog.setval('public.facturacion_facturadetalleunidad_id_seq', 55, true);


--
-- TOC entry 3848 (class 0 OID 0)
-- Dependencies: 252
-- Name: facturacion_producto_id_seq; Type: SEQUENCE SET; Schema: public; Owner: neondb_owner
--

SELECT pg_catalog.setval('public.facturacion_producto_id_seq', 18, true);


--
-- TOC entry 3849 (class 0 OID 0)
-- Dependencies: 270
-- Name: facturacion_ticket_id_seq; Type: SEQUENCE SET; Schema: public; Owner: neondb_owner
--

SELECT pg_catalog.setval('public.facturacion_ticket_id_seq', 22, true);


--
-- TOC entry 3850 (class 0 OID 0)
-- Dependencies: 278
-- Name: facturacion_ticket_unidades_id_seq; Type: SEQUENCE SET; Schema: public; Owner: neondb_owner
--

SELECT pg_catalog.setval('public.facturacion_ticket_unidades_id_seq', 26, true);


--
-- TOC entry 3851 (class 0 OID 0)
-- Dependencies: 282
-- Name: facturacion_ticketdetalleunidad_id_seq; Type: SEQUENCE SET; Schema: public; Owner: neondb_owner
--

SELECT pg_catalog.setval('public.facturacion_ticketdetalleunidad_id_seq', 16, true);


--
-- TOC entry 3852 (class 0 OID 0)
-- Dependencies: 268
-- Name: logistica_configuracionbono_id_seq; Type: SEQUENCE SET; Schema: public; Owner: neondb_owner
--

SELECT pg_catalog.setval('public.logistica_configuracionbono_id_seq', 7, true);


--
-- TOC entry 3853 (class 0 OID 0)
-- Dependencies: 262
-- Name: logistica_viaje_id_seq; Type: SEQUENCE SET; Schema: public; Owner: neondb_owner
--

SELECT pg_catalog.setval('public.logistica_viaje_id_seq', 16, true);


--
-- TOC entry 3854 (class 0 OID 0)
-- Dependencies: 239
-- Name: mantenimiento_inventariorefacciones_id_seq; Type: SEQUENCE SET; Schema: public; Owner: neondb_owner
--

SELECT pg_catalog.setval('public.mantenimiento_inventariorefacciones_id_seq', 1, false);


--
-- TOC entry 3855 (class 0 OID 0)
-- Dependencies: 241
-- Name: mantenimiento_mantenimientopreventivo_id_seq; Type: SEQUENCE SET; Schema: public; Owner: neondb_owner
--

SELECT pg_catalog.setval('public.mantenimiento_mantenimientopreventivo_id_seq', 1, false);


--
-- TOC entry 3856 (class 0 OID 0)
-- Dependencies: 250
-- Name: mantenimiento_ordentrabajo_facturas_id_seq; Type: SEQUENCE SET; Schema: public; Owner: neondb_owner
--

SELECT pg_catalog.setval('public.mantenimiento_ordentrabajo_facturas_id_seq', 6, true);


--
-- TOC entry 3857 (class 0 OID 0)
-- Dependencies: 243
-- Name: mantenimiento_ordentrabajo_id_seq; Type: SEQUENCE SET; Schema: public; Owner: neondb_owner
--

SELECT pg_catalog.setval('public.mantenimiento_ordentrabajo_id_seq', 8, true);


--
-- TOC entry 3858 (class 0 OID 0)
-- Dependencies: 245
-- Name: mantenimiento_ordentrabajo_refacciones_id_seq; Type: SEQUENCE SET; Schema: public; Owner: neondb_owner
--

SELECT pg_catalog.setval('public.mantenimiento_ordentrabajo_refacciones_id_seq', 1, false);


--
-- TOC entry 3859 (class 0 OID 0)
-- Dependencies: 274
-- Name: mantenimiento_ordentrabajo_tickets_id_seq; Type: SEQUENCE SET; Schema: public; Owner: neondb_owner
--

SELECT pg_catalog.setval('public.mantenimiento_ordentrabajo_tickets_id_seq', 1, false);


--
-- TOC entry 3860 (class 0 OID 0)
-- Dependencies: 256
-- Name: mantenimiento_taller_id_seq; Type: SEQUENCE SET; Schema: public; Owner: neondb_owner
--

SELECT pg_catalog.setval('public.mantenimiento_taller_id_seq', 7, true);


--
-- TOC entry 3861 (class 0 OID 0)
-- Dependencies: 272
-- Name: operadores_asignacionhorario_id_seq; Type: SEQUENCE SET; Schema: public; Owner: neondb_owner
--

SELECT pg_catalog.setval('public.operadores_asignacionhorario_id_seq', 9, true);


--
-- TOC entry 3862 (class 0 OID 0)
-- Dependencies: 260
-- Name: operadores_operador_id_seq; Type: SEQUENCE SET; Schema: public; Owner: neondb_owner
--

SELECT pg_catalog.setval('public.operadores_operador_id_seq', 4, true);


--
-- TOC entry 3863 (class 0 OID 0)
-- Dependencies: 254
-- Name: proveedores_proveedor_id_seq; Type: SEQUENCE SET; Schema: public; Owner: neondb_owner
--

SELECT pg_catalog.setval('public.proveedores_proveedor_id_seq', 7, true);


--
-- TOC entry 3864 (class 0 OID 0)
-- Dependencies: 258
-- Name: usuarios_perfil_id_seq; Type: SEQUENCE SET; Schema: public; Owner: neondb_owner
--

SELECT pg_catalog.setval('public.usuarios_perfil_id_seq', 4, true);


--
-- TOC entry 3865 (class 0 OID 0)
-- Dependencies: 235
-- Name: vehiculos_remolquecaja_id_seq; Type: SEQUENCE SET; Schema: public; Owner: neondb_owner
--

SELECT pg_catalog.setval('public.vehiculos_remolquecaja_id_seq', 17, true);


--
-- TOC entry 3866 (class 0 OID 0)
-- Dependencies: 237
-- Name: vehiculos_unidadtractocamion_id_seq; Type: SEQUENCE SET; Schema: public; Owner: neondb_owner
--

SELECT pg_catalog.setval('public.vehiculos_unidadtractocamion_id_seq', 102, true);


--
-- TOC entry 3867 (class 0 OID 0)
-- Dependencies: 284
-- Name: vehiculos_vehiculovariado_id_seq; Type: SEQUENCE SET; Schema: public; Owner: neondb_owner
--

SELECT pg_catalog.setval('public.vehiculos_vehiculovariado_id_seq', 25, true);


--
-- TOC entry 3393 (class 2606 OID 16646)
-- Name: auth_group auth_group_name_key; Type: CONSTRAINT; Schema: public; Owner: neondb_owner
--

ALTER TABLE ONLY public.auth_group
    ADD CONSTRAINT auth_group_name_key UNIQUE (name);


--
-- TOC entry 3398 (class 2606 OID 16577)
-- Name: auth_group_permissions auth_group_permissions_group_id_permission_id_0cd325b0_uniq; Type: CONSTRAINT; Schema: public; Owner: neondb_owner
--

ALTER TABLE ONLY public.auth_group_permissions
    ADD CONSTRAINT auth_group_permissions_group_id_permission_id_0cd325b0_uniq UNIQUE (group_id, permission_id);


--
-- TOC entry 3401 (class 2606 OID 16546)
-- Name: auth_group_permissions auth_group_permissions_pkey; Type: CONSTRAINT; Schema: public; Owner: neondb_owner
--

ALTER TABLE ONLY public.auth_group_permissions
    ADD CONSTRAINT auth_group_permissions_pkey PRIMARY KEY (id);


--
-- TOC entry 3395 (class 2606 OID 16538)
-- Name: auth_group auth_group_pkey; Type: CONSTRAINT; Schema: public; Owner: neondb_owner
--

ALTER TABLE ONLY public.auth_group
    ADD CONSTRAINT auth_group_pkey PRIMARY KEY (id);


--
-- TOC entry 3388 (class 2606 OID 16568)
-- Name: auth_permission auth_permission_content_type_id_codename_01ab375a_uniq; Type: CONSTRAINT; Schema: public; Owner: neondb_owner
--

ALTER TABLE ONLY public.auth_permission
    ADD CONSTRAINT auth_permission_content_type_id_codename_01ab375a_uniq UNIQUE (content_type_id, codename);


--
-- TOC entry 3390 (class 2606 OID 16532)
-- Name: auth_permission auth_permission_pkey; Type: CONSTRAINT; Schema: public; Owner: neondb_owner
--

ALTER TABLE ONLY public.auth_permission
    ADD CONSTRAINT auth_permission_pkey PRIMARY KEY (id);


--
-- TOC entry 3409 (class 2606 OID 16560)
-- Name: auth_user_groups auth_user_groups_pkey; Type: CONSTRAINT; Schema: public; Owner: neondb_owner
--

ALTER TABLE ONLY public.auth_user_groups
    ADD CONSTRAINT auth_user_groups_pkey PRIMARY KEY (id);


--
-- TOC entry 3412 (class 2606 OID 16592)
-- Name: auth_user_groups auth_user_groups_user_id_group_id_94350c0c_uniq; Type: CONSTRAINT; Schema: public; Owner: neondb_owner
--

ALTER TABLE ONLY public.auth_user_groups
    ADD CONSTRAINT auth_user_groups_user_id_group_id_94350c0c_uniq UNIQUE (user_id, group_id);


--
-- TOC entry 3403 (class 2606 OID 16552)
-- Name: auth_user auth_user_pkey; Type: CONSTRAINT; Schema: public; Owner: neondb_owner
--

ALTER TABLE ONLY public.auth_user
    ADD CONSTRAINT auth_user_pkey PRIMARY KEY (id);


--
-- TOC entry 3415 (class 2606 OID 16566)
-- Name: auth_user_user_permissions auth_user_user_permissions_pkey; Type: CONSTRAINT; Schema: public; Owner: neondb_owner
--

ALTER TABLE ONLY public.auth_user_user_permissions
    ADD CONSTRAINT auth_user_user_permissions_pkey PRIMARY KEY (id);


--
-- TOC entry 3418 (class 2606 OID 16606)
-- Name: auth_user_user_permissions auth_user_user_permissions_user_id_permission_id_14a6b632_uniq; Type: CONSTRAINT; Schema: public; Owner: neondb_owner
--

ALTER TABLE ONLY public.auth_user_user_permissions
    ADD CONSTRAINT auth_user_user_permissions_user_id_permission_id_14a6b632_uniq UNIQUE (user_id, permission_id);


--
-- TOC entry 3406 (class 2606 OID 16641)
-- Name: auth_user auth_user_username_key; Type: CONSTRAINT; Schema: public; Owner: neondb_owner
--

ALTER TABLE ONLY public.auth_user
    ADD CONSTRAINT auth_user_username_key UNIQUE (username);


--
-- TOC entry 3512 (class 2606 OID 81938)
-- Name: combustibles_cargacombustible combustibles_cargacombustible_pkey; Type: CONSTRAINT; Schema: public; Owner: neondb_owner
--

ALTER TABLE ONLY public.combustibles_cargacombustible
    ADD CONSTRAINT combustibles_cargacombustible_pkey PRIMARY KEY (id);


--
-- TOC entry 3508 (class 2606 OID 81932)
-- Name: combustibles_preciocombustible combustibles_preciocombustible_fecha_key; Type: CONSTRAINT; Schema: public; Owner: neondb_owner
--

ALTER TABLE ONLY public.combustibles_preciocombustible
    ADD CONSTRAINT combustibles_preciocombustible_fecha_key UNIQUE (fecha);


--
-- TOC entry 3510 (class 2606 OID 81930)
-- Name: combustibles_preciocombustible combustibles_preciocombustible_pkey; Type: CONSTRAINT; Schema: public; Owner: neondb_owner
--

ALTER TABLE ONLY public.combustibles_preciocombustible
    ADD CONSTRAINT combustibles_preciocombustible_pkey PRIMARY KEY (id);


--
-- TOC entry 3421 (class 2606 OID 16627)
-- Name: django_admin_log django_admin_log_pkey; Type: CONSTRAINT; Schema: public; Owner: neondb_owner
--

ALTER TABLE ONLY public.django_admin_log
    ADD CONSTRAINT django_admin_log_pkey PRIMARY KEY (id);


--
-- TOC entry 3383 (class 2606 OID 16526)
-- Name: django_content_type django_content_type_app_label_model_76bd3d3b_uniq; Type: CONSTRAINT; Schema: public; Owner: neondb_owner
--

ALTER TABLE ONLY public.django_content_type
    ADD CONSTRAINT django_content_type_app_label_model_76bd3d3b_uniq UNIQUE (app_label, model);


--
-- TOC entry 3385 (class 2606 OID 16524)
-- Name: django_content_type django_content_type_pkey; Type: CONSTRAINT; Schema: public; Owner: neondb_owner
--

ALTER TABLE ONLY public.django_content_type
    ADD CONSTRAINT django_content_type_pkey PRIMARY KEY (id);


--
-- TOC entry 3381 (class 2606 OID 16518)
-- Name: django_migrations django_migrations_pkey; Type: CONSTRAINT; Schema: public; Owner: neondb_owner
--

ALTER TABLE ONLY public.django_migrations
    ADD CONSTRAINT django_migrations_pkey PRIMARY KEY (id);


--
-- TOC entry 3465 (class 2606 OID 16735)
-- Name: django_session django_session_pkey; Type: CONSTRAINT; Schema: public; Owner: neondb_owner
--

ALTER TABLE ONLY public.django_session
    ADD CONSTRAINT django_session_pkey PRIMARY KEY (session_key);


--
-- TOC entry 3471 (class 2606 OID 24583)
-- Name: facturacion_factura facturacion_factura_folio_key; Type: CONSTRAINT; Schema: public; Owner: neondb_owner
--

ALTER TABLE ONLY public.facturacion_factura
    ADD CONSTRAINT facturacion_factura_folio_key UNIQUE (folio);


--
-- TOC entry 3473 (class 2606 OID 24581)
-- Name: facturacion_factura facturacion_factura_pkey; Type: CONSTRAINT; Schema: public; Owner: neondb_owner
--

ALTER TABLE ONLY public.facturacion_factura
    ADD CONSTRAINT facturacion_factura_pkey PRIMARY KEY (id);


--
-- TOC entry 3478 (class 2606 OID 139273)
-- Name: facturacion_factura facturacion_factura_ticket_id_key; Type: CONSTRAINT; Schema: public; Owner: neondb_owner
--

ALTER TABLE ONLY public.facturacion_factura
    ADD CONSTRAINT facturacion_factura_ticket_id_key UNIQUE (ticket_id);


--
-- TOC entry 3540 (class 2606 OID 229389)
-- Name: facturacion_factura_unidades facturacion_factura_unid_factura_id_unidadtractoc_c534d717_uniq; Type: CONSTRAINT; Schema: public; Owner: neondb_owner
--

ALTER TABLE ONLY public.facturacion_factura_unidades
    ADD CONSTRAINT facturacion_factura_unid_factura_id_unidadtractoc_c534d717_uniq UNIQUE (factura_id, unidadtractocamion_id);


--
-- TOC entry 3543 (class 2606 OID 229381)
-- Name: facturacion_factura_unidades facturacion_factura_unidades_pkey; Type: CONSTRAINT; Schema: public; Owner: neondb_owner
--

ALTER TABLE ONLY public.facturacion_factura_unidades
    ADD CONSTRAINT facturacion_factura_unidades_pkey PRIMARY KEY (id);


--
-- TOC entry 3552 (class 2606 OID 237581)
-- Name: facturacion_facturadetalleunidad facturacion_facturadetal_factura_id_unidad_id_72980c30_uniq; Type: CONSTRAINT; Schema: public; Owner: neondb_owner
--

ALTER TABLE ONLY public.facturacion_facturadetalleunidad
    ADD CONSTRAINT facturacion_facturadetal_factura_id_unidad_id_72980c30_uniq UNIQUE (factura_id, unidad_id);


--
-- TOC entry 3555 (class 2606 OID 237573)
-- Name: facturacion_facturadetalleunidad facturacion_facturadetalleunidad_pkey; Type: CONSTRAINT; Schema: public; Owner: neondb_owner
--

ALTER TABLE ONLY public.facturacion_facturadetalleunidad
    ADD CONSTRAINT facturacion_facturadetalleunidad_pkey PRIMARY KEY (id);


--
-- TOC entry 3489 (class 2606 OID 49161)
-- Name: facturacion_producto facturacion_producto_nombre_key; Type: CONSTRAINT; Schema: public; Owner: neondb_owner
--

ALTER TABLE ONLY public.facturacion_producto
    ADD CONSTRAINT facturacion_producto_nombre_key UNIQUE (nombre);


--
-- TOC entry 3491 (class 2606 OID 49159)
-- Name: facturacion_producto facturacion_producto_pkey; Type: CONSTRAINT; Schema: public; Owner: neondb_owner
--

ALTER TABLE ONLY public.facturacion_producto
    ADD CONSTRAINT facturacion_producto_pkey PRIMARY KEY (id);


--
-- TOC entry 3521 (class 2606 OID 139271)
-- Name: facturacion_ticket facturacion_ticket_folio_interno_key; Type: CONSTRAINT; Schema: public; Owner: neondb_owner
--

ALTER TABLE ONLY public.facturacion_ticket
    ADD CONSTRAINT facturacion_ticket_folio_interno_key UNIQUE (folio_interno);


--
-- TOC entry 3523 (class 2606 OID 139269)
-- Name: facturacion_ticket facturacion_ticket_pkey; Type: CONSTRAINT; Schema: public; Owner: neondb_owner
--

ALTER TABLE ONLY public.facturacion_ticket
    ADD CONSTRAINT facturacion_ticket_pkey PRIMARY KEY (id);


--
-- TOC entry 3546 (class 2606 OID 229403)
-- Name: facturacion_ticket_unidades facturacion_ticket_unida_ticket_id_unidadtractoca_f26bc6d6_uniq; Type: CONSTRAINT; Schema: public; Owner: neondb_owner
--

ALTER TABLE ONLY public.facturacion_ticket_unidades
    ADD CONSTRAINT facturacion_ticket_unida_ticket_id_unidadtractoca_f26bc6d6_uniq UNIQUE (ticket_id, unidadtractocamion_id);


--
-- TOC entry 3548 (class 2606 OID 229387)
-- Name: facturacion_ticket_unidades facturacion_ticket_unidades_pkey; Type: CONSTRAINT; Schema: public; Owner: neondb_owner
--

ALTER TABLE ONLY public.facturacion_ticket_unidades
    ADD CONSTRAINT facturacion_ticket_unidades_pkey PRIMARY KEY (id);


--
-- TOC entry 3558 (class 2606 OID 237595)
-- Name: facturacion_ticketdetalleunidad facturacion_ticketdetall_ticket_id_unidad_id_b6fd07ff_uniq; Type: CONSTRAINT; Schema: public; Owner: neondb_owner
--

ALTER TABLE ONLY public.facturacion_ticketdetalleunidad
    ADD CONSTRAINT facturacion_ticketdetall_ticket_id_unidad_id_b6fd07ff_uniq UNIQUE (ticket_id, unidad_id);


--
-- TOC entry 3560 (class 2606 OID 237579)
-- Name: facturacion_ticketdetalleunidad facturacion_ticketdetalleunidad_pkey; Type: CONSTRAINT; Schema: public; Owner: neondb_owner
--

ALTER TABLE ONLY public.facturacion_ticketdetalleunidad
    ADD CONSTRAINT facturacion_ticketdetalleunidad_pkey PRIMARY KEY (id);


--
-- TOC entry 3515 (class 2606 OID 131079)
-- Name: logistica_configuracionbono logistica_configuracionbono_capacidad_key; Type: CONSTRAINT; Schema: public; Owner: neondb_owner
--

ALTER TABLE ONLY public.logistica_configuracionbono
    ADD CONSTRAINT logistica_configuracionbono_capacidad_key UNIQUE (capacidad);


--
-- TOC entry 3517 (class 2606 OID 131077)
-- Name: logistica_configuracionbono logistica_configuracionbono_pkey; Type: CONSTRAINT; Schema: public; Owner: neondb_owner
--

ALTER TABLE ONLY public.logistica_configuracionbono
    ADD CONSTRAINT logistica_configuracionbono_pkey PRIMARY KEY (id);


--
-- TOC entry 3505 (class 2606 OID 73741)
-- Name: logistica_viaje logistica_viaje_pkey; Type: CONSTRAINT; Schema: public; Owner: neondb_owner
--

ALTER TABLE ONLY public.logistica_viaje
    ADD CONSTRAINT logistica_viaje_pkey PRIMARY KEY (id);


--
-- TOC entry 3446 (class 2606 OID 16677)
-- Name: mantenimiento_inventariorefacciones mantenimiento_inventariorefacciones_pkey; Type: CONSTRAINT; Schema: public; Owner: neondb_owner
--

ALTER TABLE ONLY public.mantenimiento_inventariorefacciones
    ADD CONSTRAINT mantenimiento_inventariorefacciones_pkey PRIMARY KEY (id);


--
-- TOC entry 3449 (class 2606 OID 16679)
-- Name: mantenimiento_inventariorefacciones mantenimiento_inventariorefacciones_sku_key; Type: CONSTRAINT; Schema: public; Owner: neondb_owner
--

ALTER TABLE ONLY public.mantenimiento_inventariorefacciones
    ADD CONSTRAINT mantenimiento_inventariorefacciones_sku_key UNIQUE (sku);


--
-- TOC entry 3451 (class 2606 OID 16687)
-- Name: mantenimiento_mantenimientopreventivo mantenimiento_mantenimientopreventivo_pkey; Type: CONSTRAINT; Schema: public; Owner: neondb_owner
--

ALTER TABLE ONLY public.mantenimiento_mantenimientopreventivo
    ADD CONSTRAINT mantenimiento_mantenimientopreventivo_pkey PRIMARY KEY (id);


--
-- TOC entry 3482 (class 2606 OID 40967)
-- Name: mantenimiento_ordentrabajo_facturas mantenimiento_ordentraba_ordentrabajo_id_factura__a926a683_uniq; Type: CONSTRAINT; Schema: public; Owner: neondb_owner
--

ALTER TABLE ONLY public.mantenimiento_ordentrabajo_facturas
    ADD CONSTRAINT mantenimiento_ordentraba_ordentrabajo_id_factura__a926a683_uniq UNIQUE (ordentrabajo_id, factura_id);


--
-- TOC entry 3458 (class 2606 OID 16716)
-- Name: mantenimiento_ordentrabajo_refacciones mantenimiento_ordentraba_ordentrabajo_id_inventar_8c9cfa46_uniq; Type: CONSTRAINT; Schema: public; Owner: neondb_owner
--

ALTER TABLE ONLY public.mantenimiento_ordentrabajo_refacciones
    ADD CONSTRAINT mantenimiento_ordentraba_ordentrabajo_id_inventar_8c9cfa46_uniq UNIQUE (ordentrabajo_id, inventariorefacciones_id);


--
-- TOC entry 3534 (class 2606 OID 188423)
-- Name: mantenimiento_ordentrabajo_tickets mantenimiento_ordentraba_ordentrabajo_id_ticket_i_08319bea_uniq; Type: CONSTRAINT; Schema: public; Owner: neondb_owner
--

ALTER TABLE ONLY public.mantenimiento_ordentrabajo_tickets
    ADD CONSTRAINT mantenimiento_ordentraba_ordentrabajo_id_ticket_i_08319bea_uniq UNIQUE (ordentrabajo_id, ticket_id);


--
-- TOC entry 3486 (class 2606 OID 40965)
-- Name: mantenimiento_ordentrabajo_facturas mantenimiento_ordentrabajo_facturas_pkey; Type: CONSTRAINT; Schema: public; Owner: neondb_owner
--

ALTER TABLE ONLY public.mantenimiento_ordentrabajo_facturas
    ADD CONSTRAINT mantenimiento_ordentrabajo_facturas_pkey PRIMARY KEY (id);


--
-- TOC entry 3454 (class 2606 OID 16695)
-- Name: mantenimiento_ordentrabajo mantenimiento_ordentrabajo_pkey; Type: CONSTRAINT; Schema: public; Owner: neondb_owner
--

ALTER TABLE ONLY public.mantenimiento_ordentrabajo
    ADD CONSTRAINT mantenimiento_ordentrabajo_pkey PRIMARY KEY (id);


--
-- TOC entry 3462 (class 2606 OID 16701)
-- Name: mantenimiento_ordentrabajo_refacciones mantenimiento_ordentrabajo_refacciones_pkey; Type: CONSTRAINT; Schema: public; Owner: neondb_owner
--

ALTER TABLE ONLY public.mantenimiento_ordentrabajo_refacciones
    ADD CONSTRAINT mantenimiento_ordentrabajo_refacciones_pkey PRIMARY KEY (id);


--
-- TOC entry 3537 (class 2606 OID 188421)
-- Name: mantenimiento_ordentrabajo_tickets mantenimiento_ordentrabajo_tickets_pkey; Type: CONSTRAINT; Schema: public; Owner: neondb_owner
--

ALTER TABLE ONLY public.mantenimiento_ordentrabajo_tickets
    ADD CONSTRAINT mantenimiento_ordentrabajo_tickets_pkey PRIMARY KEY (id);


--
-- TOC entry 3495 (class 2606 OID 57359)
-- Name: mantenimiento_taller mantenimiento_taller_pkey; Type: CONSTRAINT; Schema: public; Owner: neondb_owner
--

ALTER TABLE ONLY public.mantenimiento_taller
    ADD CONSTRAINT mantenimiento_taller_pkey PRIMARY KEY (id);


--
-- TOC entry 3531 (class 2606 OID 155653)
-- Name: operadores_asignacionhorario operadores_asignacionhorario_pkey; Type: CONSTRAINT; Schema: public; Owner: neondb_owner
--

ALTER TABLE ONLY public.operadores_asignacionhorario
    ADD CONSTRAINT operadores_asignacionhorario_pkey PRIMARY KEY (id);


--
-- TOC entry 3501 (class 2606 OID 73733)
-- Name: operadores_operador operadores_operador_pkey; Type: CONSTRAINT; Schema: public; Owner: neondb_owner
--

ALTER TABLE ONLY public.operadores_operador
    ADD CONSTRAINT operadores_operador_pkey PRIMARY KEY (id);


--
-- TOC entry 3493 (class 2606 OID 57351)
-- Name: proveedores_proveedor proveedores_proveedor_pkey; Type: CONSTRAINT; Schema: public; Owner: neondb_owner
--

ALTER TABLE ONLY public.proveedores_proveedor
    ADD CONSTRAINT proveedores_proveedor_pkey PRIMARY KEY (id);


--
-- TOC entry 3497 (class 2606 OID 65541)
-- Name: usuarios_perfil usuarios_perfil_pkey; Type: CONSTRAINT; Schema: public; Owner: neondb_owner
--

ALTER TABLE ONLY public.usuarios_perfil
    ADD CONSTRAINT usuarios_perfil_pkey PRIMARY KEY (id);


--
-- TOC entry 3499 (class 2606 OID 65543)
-- Name: usuarios_perfil usuarios_perfil_user_id_key; Type: CONSTRAINT; Schema: public; Owner: neondb_owner
--

ALTER TABLE ONLY public.usuarios_perfil
    ADD CONSTRAINT usuarios_perfil_user_id_key UNIQUE (user_id);


--
-- TOC entry 3425 (class 2606 OID 16657)
-- Name: vehiculos_remolquecaja vehiculos_remolquecaja_numero_economico_key; Type: CONSTRAINT; Schema: public; Owner: neondb_owner
--

ALTER TABLE ONLY public.vehiculos_remolquecaja
    ADD CONSTRAINT vehiculos_remolquecaja_numero_economico_key UNIQUE (numero_economico);


--
-- TOC entry 3428 (class 2606 OID 270337)
-- Name: vehiculos_remolquecaja vehiculos_remolquecaja_numero_serie_key; Type: CONSTRAINT; Schema: public; Owner: neondb_owner
--

ALTER TABLE ONLY public.vehiculos_remolquecaja
    ADD CONSTRAINT vehiculos_remolquecaja_numero_serie_key UNIQUE (numero_serie);


--
-- TOC entry 3430 (class 2606 OID 16653)
-- Name: vehiculos_remolquecaja vehiculos_remolquecaja_pkey; Type: CONSTRAINT; Schema: public; Owner: neondb_owner
--

ALTER TABLE ONLY public.vehiculos_remolquecaja
    ADD CONSTRAINT vehiculos_remolquecaja_pkey PRIMARY KEY (id);


--
-- TOC entry 3433 (class 2606 OID 16655)
-- Name: vehiculos_remolquecaja vehiculos_remolquecaja_placas_key; Type: CONSTRAINT; Schema: public; Owner: neondb_owner
--

ALTER TABLE ONLY public.vehiculos_remolquecaja
    ADD CONSTRAINT vehiculos_remolquecaja_placas_key UNIQUE (placas);


--
-- TOC entry 3436 (class 2606 OID 16667)
-- Name: vehiculos_unidadtractocamion vehiculos_unidadtractocamion_numero_economico_key; Type: CONSTRAINT; Schema: public; Owner: neondb_owner
--

ALTER TABLE ONLY public.vehiculos_unidadtractocamion
    ADD CONSTRAINT vehiculos_unidadtractocamion_numero_economico_key UNIQUE (numero_economico);


--
-- TOC entry 3439 (class 2606 OID 24592)
-- Name: vehiculos_unidadtractocamion vehiculos_unidadtractocamion_numero_vin_key; Type: CONSTRAINT; Schema: public; Owner: neondb_owner
--

ALTER TABLE ONLY public.vehiculos_unidadtractocamion
    ADD CONSTRAINT vehiculos_unidadtractocamion_numero_vin_key UNIQUE (numero_vin);


--
-- TOC entry 3441 (class 2606 OID 16663)
-- Name: vehiculos_unidadtractocamion vehiculos_unidadtractocamion_pkey; Type: CONSTRAINT; Schema: public; Owner: neondb_owner
--

ALTER TABLE ONLY public.vehiculos_unidadtractocamion
    ADD CONSTRAINT vehiculos_unidadtractocamion_pkey PRIMARY KEY (id);


--
-- TOC entry 3444 (class 2606 OID 16665)
-- Name: vehiculos_unidadtractocamion vehiculos_unidadtractocamion_placas_key; Type: CONSTRAINT; Schema: public; Owner: neondb_owner
--

ALTER TABLE ONLY public.vehiculos_unidadtractocamion
    ADD CONSTRAINT vehiculos_unidadtractocamion_placas_key UNIQUE (placas);


--
-- TOC entry 3565 (class 2606 OID 278535)
-- Name: vehiculos_vehiculovariado vehiculos_vehiculovariado_numero_economico_key; Type: CONSTRAINT; Schema: public; Owner: neondb_owner
--

ALTER TABLE ONLY public.vehiculos_vehiculovariado
    ADD CONSTRAINT vehiculos_vehiculovariado_numero_economico_key UNIQUE (numero_economico);


--
-- TOC entry 3567 (class 2606 OID 278533)
-- Name: vehiculos_vehiculovariado vehiculos_vehiculovariado_pkey; Type: CONSTRAINT; Schema: public; Owner: neondb_owner
--

ALTER TABLE ONLY public.vehiculos_vehiculovariado
    ADD CONSTRAINT vehiculos_vehiculovariado_pkey PRIMARY KEY (id);


--
-- TOC entry 3391 (class 1259 OID 16647)
-- Name: auth_group_name_a6ea08ec_like; Type: INDEX; Schema: public; Owner: neondb_owner
--

CREATE INDEX auth_group_name_a6ea08ec_like ON public.auth_group USING btree (name varchar_pattern_ops);


--
-- TOC entry 3396 (class 1259 OID 16588)
-- Name: auth_group_permissions_group_id_b120cbf9; Type: INDEX; Schema: public; Owner: neondb_owner
--

CREATE INDEX auth_group_permissions_group_id_b120cbf9 ON public.auth_group_permissions USING btree (group_id);


--
-- TOC entry 3399 (class 1259 OID 16589)
-- Name: auth_group_permissions_permission_id_84c5c92e; Type: INDEX; Schema: public; Owner: neondb_owner
--

CREATE INDEX auth_group_permissions_permission_id_84c5c92e ON public.auth_group_permissions USING btree (permission_id);


--
-- TOC entry 3386 (class 1259 OID 16574)
-- Name: auth_permission_content_type_id_2f476e4b; Type: INDEX; Schema: public; Owner: neondb_owner
--

CREATE INDEX auth_permission_content_type_id_2f476e4b ON public.auth_permission USING btree (content_type_id);


--
-- TOC entry 3407 (class 1259 OID 16604)
-- Name: auth_user_groups_group_id_97559544; Type: INDEX; Schema: public; Owner: neondb_owner
--

CREATE INDEX auth_user_groups_group_id_97559544 ON public.auth_user_groups USING btree (group_id);


--
-- TOC entry 3410 (class 1259 OID 16603)
-- Name: auth_user_groups_user_id_6a12ed8b; Type: INDEX; Schema: public; Owner: neondb_owner
--

CREATE INDEX auth_user_groups_user_id_6a12ed8b ON public.auth_user_groups USING btree (user_id);


--
-- TOC entry 3413 (class 1259 OID 16618)
-- Name: auth_user_user_permissions_permission_id_1fbb5f2c; Type: INDEX; Schema: public; Owner: neondb_owner
--

CREATE INDEX auth_user_user_permissions_permission_id_1fbb5f2c ON public.auth_user_user_permissions USING btree (permission_id);


--
-- TOC entry 3416 (class 1259 OID 16617)
-- Name: auth_user_user_permissions_user_id_a95ead1b; Type: INDEX; Schema: public; Owner: neondb_owner
--

CREATE INDEX auth_user_user_permissions_user_id_a95ead1b ON public.auth_user_user_permissions USING btree (user_id);


--
-- TOC entry 3404 (class 1259 OID 16642)
-- Name: auth_user_username_6821ab7c_like; Type: INDEX; Schema: public; Owner: neondb_owner
--

CREATE INDEX auth_user_username_6821ab7c_like ON public.auth_user USING btree (username varchar_pattern_ops);


--
-- TOC entry 3513 (class 1259 OID 81944)
-- Name: combustibles_cargacombustible_unidad_id_a57242d6; Type: INDEX; Schema: public; Owner: neondb_owner
--

CREATE INDEX combustibles_cargacombustible_unidad_id_a57242d6 ON public.combustibles_cargacombustible USING btree (unidad_id);


--
-- TOC entry 3419 (class 1259 OID 16638)
-- Name: django_admin_log_content_type_id_c4bce8eb; Type: INDEX; Schema: public; Owner: neondb_owner
--

CREATE INDEX django_admin_log_content_type_id_c4bce8eb ON public.django_admin_log USING btree (content_type_id);


--
-- TOC entry 3422 (class 1259 OID 16639)
-- Name: django_admin_log_user_id_c564eba6; Type: INDEX; Schema: public; Owner: neondb_owner
--

CREATE INDEX django_admin_log_user_id_c564eba6 ON public.django_admin_log USING btree (user_id);


--
-- TOC entry 3463 (class 1259 OID 16737)
-- Name: django_session_expire_date_a5c62663; Type: INDEX; Schema: public; Owner: neondb_owner
--

CREATE INDEX django_session_expire_date_a5c62663 ON public.django_session USING btree (expire_date);


--
-- TOC entry 3466 (class 1259 OID 16736)
-- Name: django_session_session_key_c0390e0f_like; Type: INDEX; Schema: public; Owner: neondb_owner
--

CREATE INDEX django_session_session_key_c0390e0f_like ON public.django_session USING btree (session_key varchar_pattern_ops);


--
-- TOC entry 3467 (class 1259 OID 270349)
-- Name: facturacion_factura_caja_id_1a0524b6; Type: INDEX; Schema: public; Owner: neondb_owner
--

CREATE INDEX facturacion_factura_caja_id_1a0524b6 ON public.facturacion_factura USING btree (caja_id);


--
-- TOC entry 3468 (class 1259 OID 286726)
-- Name: facturacion_factura_factura_reemplazo_id_656c59d3; Type: INDEX; Schema: public; Owner: neondb_owner
--

CREATE INDEX facturacion_factura_factura_reemplazo_id_656c59d3 ON public.facturacion_factura USING btree (factura_reemplazo_id);


--
-- TOC entry 3469 (class 1259 OID 24589)
-- Name: facturacion_factura_folio_2315e1c5_like; Type: INDEX; Schema: public; Owner: neondb_owner
--

CREATE INDEX facturacion_factura_folio_2315e1c5_like ON public.facturacion_factura USING btree (folio varchar_pattern_ops);


--
-- TOC entry 3474 (class 1259 OID 49168)
-- Name: facturacion_factura_producto_id_6a7f86ed; Type: INDEX; Schema: public; Owner: neondb_owner
--

CREATE INDEX facturacion_factura_producto_id_6a7f86ed ON public.facturacion_factura USING btree (producto_id);


--
-- TOC entry 3475 (class 1259 OID 213002)
-- Name: facturacion_factura_proveedor_id_f83f0775; Type: INDEX; Schema: public; Owner: neondb_owner
--

CREATE INDEX facturacion_factura_proveedor_id_f83f0775 ON public.facturacion_factura USING btree (proveedor_id);


--
-- TOC entry 3476 (class 1259 OID 147466)
-- Name: facturacion_factura_taller_id_74f59c68; Type: INDEX; Schema: public; Owner: neondb_owner
--

CREATE INDEX facturacion_factura_taller_id_74f59c68 ON public.facturacion_factura USING btree (taller_id);


--
-- TOC entry 3479 (class 1259 OID 24590)
-- Name: facturacion_factura_unidad_id_83bee8b9; Type: INDEX; Schema: public; Owner: neondb_owner
--

CREATE INDEX facturacion_factura_unidad_id_83bee8b9 ON public.facturacion_factura USING btree (unidad_id);


--
-- TOC entry 3541 (class 1259 OID 229400)
-- Name: facturacion_factura_unidades_factura_id_872bf009; Type: INDEX; Schema: public; Owner: neondb_owner
--

CREATE INDEX facturacion_factura_unidades_factura_id_872bf009 ON public.facturacion_factura_unidades USING btree (factura_id);


--
-- TOC entry 3544 (class 1259 OID 229401)
-- Name: facturacion_factura_unidades_unidadtractocamion_id_d29a98bc; Type: INDEX; Schema: public; Owner: neondb_owner
--

CREATE INDEX facturacion_factura_unidades_unidadtractocamion_id_d29a98bc ON public.facturacion_factura_unidades USING btree (unidadtractocamion_id);


--
-- TOC entry 3480 (class 1259 OID 278547)
-- Name: facturacion_factura_variado_id_6a43e6a5; Type: INDEX; Schema: public; Owner: neondb_owner
--

CREATE INDEX facturacion_factura_variado_id_6a43e6a5 ON public.facturacion_factura USING btree (variado_id);


--
-- TOC entry 3553 (class 1259 OID 237592)
-- Name: facturacion_facturadetalleunidad_factura_id_c7b71e64; Type: INDEX; Schema: public; Owner: neondb_owner
--

CREATE INDEX facturacion_facturadetalleunidad_factura_id_c7b71e64 ON public.facturacion_facturadetalleunidad USING btree (factura_id);


--
-- TOC entry 3556 (class 1259 OID 237593)
-- Name: facturacion_facturadetalleunidad_unidad_id_bd9ff060; Type: INDEX; Schema: public; Owner: neondb_owner
--

CREATE INDEX facturacion_facturadetalleunidad_unidad_id_bd9ff060 ON public.facturacion_facturadetalleunidad USING btree (unidad_id);


--
-- TOC entry 3487 (class 1259 OID 49167)
-- Name: facturacion_producto_nombre_62d3342f_like; Type: INDEX; Schema: public; Owner: neondb_owner
--

CREATE INDEX facturacion_producto_nombre_62d3342f_like ON public.facturacion_producto USING btree (nombre varchar_pattern_ops);


--
-- TOC entry 3518 (class 1259 OID 270350)
-- Name: facturacion_ticket_caja_id_44830090; Type: INDEX; Schema: public; Owner: neondb_owner
--

CREATE INDEX facturacion_ticket_caja_id_44830090 ON public.facturacion_ticket USING btree (caja_id);


--
-- TOC entry 3519 (class 1259 OID 139289)
-- Name: facturacion_ticket_folio_interno_e2517344_like; Type: INDEX; Schema: public; Owner: neondb_owner
--

CREATE INDEX facturacion_ticket_folio_interno_e2517344_like ON public.facturacion_ticket USING btree (folio_interno varchar_pattern_ops);


--
-- TOC entry 3524 (class 1259 OID 139290)
-- Name: facturacion_ticket_producto_id_85ab8121; Type: INDEX; Schema: public; Owner: neondb_owner
--

CREATE INDEX facturacion_ticket_producto_id_85ab8121 ON public.facturacion_ticket USING btree (producto_id);


--
-- TOC entry 3525 (class 1259 OID 213003)
-- Name: facturacion_ticket_proveedor_id_ec328115; Type: INDEX; Schema: public; Owner: neondb_owner
--

CREATE INDEX facturacion_ticket_proveedor_id_ec328115 ON public.facturacion_ticket USING btree (proveedor_id);


--
-- TOC entry 3526 (class 1259 OID 147467)
-- Name: facturacion_ticket_taller_id_ac20a2bb; Type: INDEX; Schema: public; Owner: neondb_owner
--

CREATE INDEX facturacion_ticket_taller_id_ac20a2bb ON public.facturacion_ticket USING btree (taller_id);


--
-- TOC entry 3527 (class 1259 OID 139291)
-- Name: facturacion_ticket_unidad_id_042b30d4; Type: INDEX; Schema: public; Owner: neondb_owner
--

CREATE INDEX facturacion_ticket_unidad_id_042b30d4 ON public.facturacion_ticket USING btree (unidad_id);


--
-- TOC entry 3549 (class 1259 OID 229414)
-- Name: facturacion_ticket_unidades_ticket_id_87da5f05; Type: INDEX; Schema: public; Owner: neondb_owner
--

CREATE INDEX facturacion_ticket_unidades_ticket_id_87da5f05 ON public.facturacion_ticket_unidades USING btree (ticket_id);


--
-- TOC entry 3550 (class 1259 OID 229415)
-- Name: facturacion_ticket_unidades_unidadtractocamion_id_5a00fa85; Type: INDEX; Schema: public; Owner: neondb_owner
--

CREATE INDEX facturacion_ticket_unidades_unidadtractocamion_id_5a00fa85 ON public.facturacion_ticket_unidades USING btree (unidadtractocamion_id);


--
-- TOC entry 3528 (class 1259 OID 278548)
-- Name: facturacion_ticket_variado_id_1b891cbf; Type: INDEX; Schema: public; Owner: neondb_owner
--

CREATE INDEX facturacion_ticket_variado_id_1b891cbf ON public.facturacion_ticket USING btree (variado_id);


--
-- TOC entry 3561 (class 1259 OID 237606)
-- Name: facturacion_ticketdetalleunidad_ticket_id_483cb73b; Type: INDEX; Schema: public; Owner: neondb_owner
--

CREATE INDEX facturacion_ticketdetalleunidad_ticket_id_483cb73b ON public.facturacion_ticketdetalleunidad USING btree (ticket_id);


--
-- TOC entry 3562 (class 1259 OID 237607)
-- Name: facturacion_ticketdetalleunidad_unidad_id_883370d5; Type: INDEX; Schema: public; Owner: neondb_owner
--

CREATE INDEX facturacion_ticketdetalleunidad_unidad_id_883370d5 ON public.facturacion_ticketdetalleunidad USING btree (unidad_id);


--
-- TOC entry 3502 (class 1259 OID 98309)
-- Name: logistica_viaje_ayudante_id_41fdbbd6; Type: INDEX; Schema: public; Owner: neondb_owner
--

CREATE INDEX logistica_viaje_ayudante_id_41fdbbd6 ON public.logistica_viaje USING btree (ayudante_id);


--
-- TOC entry 3503 (class 1259 OID 73752)
-- Name: logistica_viaje_operador_id_fdb6992d; Type: INDEX; Schema: public; Owner: neondb_owner
--

CREATE INDEX logistica_viaje_operador_id_fdb6992d ON public.logistica_viaje USING btree (operador_id);


--
-- TOC entry 3506 (class 1259 OID 73753)
-- Name: logistica_viaje_vehiculo_id_d132e55a; Type: INDEX; Schema: public; Owner: neondb_owner
--

CREATE INDEX logistica_viaje_vehiculo_id_d132e55a ON public.logistica_viaje USING btree (vehiculo_id);


--
-- TOC entry 3447 (class 1259 OID 16702)
-- Name: mantenimiento_inventariorefacciones_sku_3e7b01e5_like; Type: INDEX; Schema: public; Owner: neondb_owner
--

CREATE INDEX mantenimiento_inventariorefacciones_sku_3e7b01e5_like ON public.mantenimiento_inventariorefacciones USING btree (sku varchar_pattern_ops);


--
-- TOC entry 3452 (class 1259 OID 16708)
-- Name: mantenimiento_mantenimientopreventivo_unidad_id_579b800b; Type: INDEX; Schema: public; Owner: neondb_owner
--

CREATE INDEX mantenimiento_mantenimientopreventivo_unidad_id_579b800b ON public.mantenimiento_mantenimientopreventivo USING btree (unidad_id);


--
-- TOC entry 3483 (class 1259 OID 40979)
-- Name: mantenimiento_ordentrabajo_facturas_factura_id_0342a183; Type: INDEX; Schema: public; Owner: neondb_owner
--

CREATE INDEX mantenimiento_ordentrabajo_facturas_factura_id_0342a183 ON public.mantenimiento_ordentrabajo_facturas USING btree (factura_id);


--
-- TOC entry 3484 (class 1259 OID 40978)
-- Name: mantenimiento_ordentrabajo_facturas_ordentrabajo_id_18a5ee66; Type: INDEX; Schema: public; Owner: neondb_owner
--

CREATE INDEX mantenimiento_ordentrabajo_facturas_ordentrabajo_id_18a5ee66 ON public.mantenimiento_ordentrabajo_facturas USING btree (ordentrabajo_id);


--
-- TOC entry 3459 (class 1259 OID 16728)
-- Name: mantenimiento_ordentrabajo_inventariorefacciones_id_9626235c; Type: INDEX; Schema: public; Owner: neondb_owner
--

CREATE INDEX mantenimiento_ordentrabajo_inventariorefacciones_id_9626235c ON public.mantenimiento_ordentrabajo_refacciones USING btree (inventariorefacciones_id);


--
-- TOC entry 3460 (class 1259 OID 16727)
-- Name: mantenimiento_ordentrabajo_refacciones_ordentrabajo_id_2b67bae9; Type: INDEX; Schema: public; Owner: neondb_owner
--

CREATE INDEX mantenimiento_ordentrabajo_refacciones_ordentrabajo_id_2b67bae9 ON public.mantenimiento_ordentrabajo_refacciones USING btree (ordentrabajo_id);


--
-- TOC entry 3455 (class 1259 OID 57365)
-- Name: mantenimiento_ordentrabajo_taller_id_87945d0d; Type: INDEX; Schema: public; Owner: neondb_owner
--

CREATE INDEX mantenimiento_ordentrabajo_taller_id_87945d0d ON public.mantenimiento_ordentrabajo USING btree (taller_id);


--
-- TOC entry 3535 (class 1259 OID 188434)
-- Name: mantenimiento_ordentrabajo_tickets_ordentrabajo_id_f5a59afe; Type: INDEX; Schema: public; Owner: neondb_owner
--

CREATE INDEX mantenimiento_ordentrabajo_tickets_ordentrabajo_id_f5a59afe ON public.mantenimiento_ordentrabajo_tickets USING btree (ordentrabajo_id);


--
-- TOC entry 3538 (class 1259 OID 188435)
-- Name: mantenimiento_ordentrabajo_tickets_ticket_id_cc7fd0f8; Type: INDEX; Schema: public; Owner: neondb_owner
--

CREATE INDEX mantenimiento_ordentrabajo_tickets_ticket_id_cc7fd0f8 ON public.mantenimiento_ordentrabajo_tickets USING btree (ticket_id);


--
-- TOC entry 3456 (class 1259 OID 16714)
-- Name: mantenimiento_ordentrabajo_unidad_id_7f505a0f; Type: INDEX; Schema: public; Owner: neondb_owner
--

CREATE INDEX mantenimiento_ordentrabajo_unidad_id_7f505a0f ON public.mantenimiento_ordentrabajo USING btree (unidad_id);


--
-- TOC entry 3529 (class 1259 OID 155664)
-- Name: operadores_asignacionhorario_operador_id_6e3aaba6; Type: INDEX; Schema: public; Owner: neondb_owner
--

CREATE INDEX operadores_asignacionhorario_operador_id_6e3aaba6 ON public.operadores_asignacionhorario USING btree (operador_id);


--
-- TOC entry 3532 (class 1259 OID 155665)
-- Name: operadores_asignacionhorario_unidad_id_d0a7ca24; Type: INDEX; Schema: public; Owner: neondb_owner
--

CREATE INDEX operadores_asignacionhorario_unidad_id_d0a7ca24 ON public.operadores_asignacionhorario USING btree (unidad_id);


--
-- TOC entry 3423 (class 1259 OID 16669)
-- Name: vehiculos_remolquecaja_numero_economico_1f8104b3_like; Type: INDEX; Schema: public; Owner: neondb_owner
--

CREATE INDEX vehiculos_remolquecaja_numero_economico_1f8104b3_like ON public.vehiculos_remolquecaja USING btree (numero_economico varchar_pattern_ops);


--
-- TOC entry 3426 (class 1259 OID 270338)
-- Name: vehiculos_remolquecaja_numero_serie_0a832142_like; Type: INDEX; Schema: public; Owner: neondb_owner
--

CREATE INDEX vehiculos_remolquecaja_numero_serie_0a832142_like ON public.vehiculos_remolquecaja USING btree (numero_serie varchar_pattern_ops);


--
-- TOC entry 3431 (class 1259 OID 16668)
-- Name: vehiculos_remolquecaja_placas_c197124e_like; Type: INDEX; Schema: public; Owner: neondb_owner
--

CREATE INDEX vehiculos_remolquecaja_placas_c197124e_like ON public.vehiculos_remolquecaja USING btree (placas varchar_pattern_ops);


--
-- TOC entry 3434 (class 1259 OID 16671)
-- Name: vehiculos_unidadtractocamion_numero_economico_005e7d5f_like; Type: INDEX; Schema: public; Owner: neondb_owner
--

CREATE INDEX vehiculos_unidadtractocamion_numero_economico_005e7d5f_like ON public.vehiculos_unidadtractocamion USING btree (numero_economico varchar_pattern_ops);


--
-- TOC entry 3437 (class 1259 OID 24593)
-- Name: vehiculos_unidadtractocamion_numero_vin_6a25dc7f_like; Type: INDEX; Schema: public; Owner: neondb_owner
--

CREATE INDEX vehiculos_unidadtractocamion_numero_vin_6a25dc7f_like ON public.vehiculos_unidadtractocamion USING btree (numero_vin varchar_pattern_ops);


--
-- TOC entry 3442 (class 1259 OID 16670)
-- Name: vehiculos_unidadtractocamion_placas_ad955862_like; Type: INDEX; Schema: public; Owner: neondb_owner
--

CREATE INDEX vehiculos_unidadtractocamion_placas_ad955862_like ON public.vehiculos_unidadtractocamion USING btree (placas varchar_pattern_ops);


--
-- TOC entry 3563 (class 1259 OID 278536)
-- Name: vehiculos_vehiculovariado_numero_economico_6b64560c_like; Type: INDEX; Schema: public; Owner: neondb_owner
--

CREATE INDEX vehiculos_vehiculovariado_numero_economico_6b64560c_like ON public.vehiculos_vehiculovariado USING btree (numero_economico varchar_pattern_ops);


--
-- TOC entry 3569 (class 2606 OID 16583)
-- Name: auth_group_permissions auth_group_permissio_permission_id_84c5c92e_fk_auth_perm; Type: FK CONSTRAINT; Schema: public; Owner: neondb_owner
--

ALTER TABLE ONLY public.auth_group_permissions
    ADD CONSTRAINT auth_group_permissio_permission_id_84c5c92e_fk_auth_perm FOREIGN KEY (permission_id) REFERENCES public.auth_permission(id) DEFERRABLE INITIALLY DEFERRED;


--
-- TOC entry 3570 (class 2606 OID 16578)
-- Name: auth_group_permissions auth_group_permissions_group_id_b120cbf9_fk_auth_group_id; Type: FK CONSTRAINT; Schema: public; Owner: neondb_owner
--

ALTER TABLE ONLY public.auth_group_permissions
    ADD CONSTRAINT auth_group_permissions_group_id_b120cbf9_fk_auth_group_id FOREIGN KEY (group_id) REFERENCES public.auth_group(id) DEFERRABLE INITIALLY DEFERRED;


--
-- TOC entry 3568 (class 2606 OID 16569)
-- Name: auth_permission auth_permission_content_type_id_2f476e4b_fk_django_co; Type: FK CONSTRAINT; Schema: public; Owner: neondb_owner
--

ALTER TABLE ONLY public.auth_permission
    ADD CONSTRAINT auth_permission_content_type_id_2f476e4b_fk_django_co FOREIGN KEY (content_type_id) REFERENCES public.django_content_type(id) DEFERRABLE INITIALLY DEFERRED;


--
-- TOC entry 3571 (class 2606 OID 16598)
-- Name: auth_user_groups auth_user_groups_group_id_97559544_fk_auth_group_id; Type: FK CONSTRAINT; Schema: public; Owner: neondb_owner
--

ALTER TABLE ONLY public.auth_user_groups
    ADD CONSTRAINT auth_user_groups_group_id_97559544_fk_auth_group_id FOREIGN KEY (group_id) REFERENCES public.auth_group(id) DEFERRABLE INITIALLY DEFERRED;


--
-- TOC entry 3572 (class 2606 OID 16593)
-- Name: auth_user_groups auth_user_groups_user_id_6a12ed8b_fk_auth_user_id; Type: FK CONSTRAINT; Schema: public; Owner: neondb_owner
--

ALTER TABLE ONLY public.auth_user_groups
    ADD CONSTRAINT auth_user_groups_user_id_6a12ed8b_fk_auth_user_id FOREIGN KEY (user_id) REFERENCES public.auth_user(id) DEFERRABLE INITIALLY DEFERRED;


--
-- TOC entry 3573 (class 2606 OID 16612)
-- Name: auth_user_user_permissions auth_user_user_permi_permission_id_1fbb5f2c_fk_auth_perm; Type: FK CONSTRAINT; Schema: public; Owner: neondb_owner
--

ALTER TABLE ONLY public.auth_user_user_permissions
    ADD CONSTRAINT auth_user_user_permi_permission_id_1fbb5f2c_fk_auth_perm FOREIGN KEY (permission_id) REFERENCES public.auth_permission(id) DEFERRABLE INITIALLY DEFERRED;


--
-- TOC entry 3574 (class 2606 OID 16607)
-- Name: auth_user_user_permissions auth_user_user_permissions_user_id_a95ead1b_fk_auth_user_id; Type: FK CONSTRAINT; Schema: public; Owner: neondb_owner
--

ALTER TABLE ONLY public.auth_user_user_permissions
    ADD CONSTRAINT auth_user_user_permissions_user_id_a95ead1b_fk_auth_user_id FOREIGN KEY (user_id) REFERENCES public.auth_user(id) DEFERRABLE INITIALLY DEFERRED;


--
-- TOC entry 3596 (class 2606 OID 81939)
-- Name: combustibles_cargacombustible combustibles_cargaco_unidad_id_a57242d6_fk_vehiculos; Type: FK CONSTRAINT; Schema: public; Owner: neondb_owner
--

ALTER TABLE ONLY public.combustibles_cargacombustible
    ADD CONSTRAINT combustibles_cargaco_unidad_id_a57242d6_fk_vehiculos FOREIGN KEY (unidad_id) REFERENCES public.vehiculos_unidadtractocamion(id) DEFERRABLE INITIALLY DEFERRED;


--
-- TOC entry 3575 (class 2606 OID 16628)
-- Name: django_admin_log django_admin_log_content_type_id_c4bce8eb_fk_django_co; Type: FK CONSTRAINT; Schema: public; Owner: neondb_owner
--

ALTER TABLE ONLY public.django_admin_log
    ADD CONSTRAINT django_admin_log_content_type_id_c4bce8eb_fk_django_co FOREIGN KEY (content_type_id) REFERENCES public.django_content_type(id) DEFERRABLE INITIALLY DEFERRED;


--
-- TOC entry 3576 (class 2606 OID 16633)
-- Name: django_admin_log django_admin_log_user_id_c564eba6_fk_auth_user_id; Type: FK CONSTRAINT; Schema: public; Owner: neondb_owner
--

ALTER TABLE ONLY public.django_admin_log
    ADD CONSTRAINT django_admin_log_user_id_c564eba6_fk_auth_user_id FOREIGN KEY (user_id) REFERENCES public.auth_user(id) DEFERRABLE INITIALLY DEFERRED;


--
-- TOC entry 3607 (class 2606 OID 229390)
-- Name: facturacion_factura_unidades facturacion_factura__factura_id_872bf009_fk_facturaci; Type: FK CONSTRAINT; Schema: public; Owner: neondb_owner
--

ALTER TABLE ONLY public.facturacion_factura_unidades
    ADD CONSTRAINT facturacion_factura__factura_id_872bf009_fk_facturaci FOREIGN KEY (factura_id) REFERENCES public.facturacion_factura(id) DEFERRABLE INITIALLY DEFERRED;


--
-- TOC entry 3608 (class 2606 OID 229395)
-- Name: facturacion_factura_unidades facturacion_factura__unidadtractocamion_i_d29a98bc_fk_vehiculos; Type: FK CONSTRAINT; Schema: public; Owner: neondb_owner
--

ALTER TABLE ONLY public.facturacion_factura_unidades
    ADD CONSTRAINT facturacion_factura__unidadtractocamion_i_d29a98bc_fk_vehiculos FOREIGN KEY (unidadtractocamion_id) REFERENCES public.vehiculos_unidadtractocamion(id) DEFERRABLE INITIALLY DEFERRED;


--
-- TOC entry 3582 (class 2606 OID 270339)
-- Name: facturacion_factura facturacion_factura_caja_id_1a0524b6_fk_vehiculos; Type: FK CONSTRAINT; Schema: public; Owner: neondb_owner
--

ALTER TABLE ONLY public.facturacion_factura
    ADD CONSTRAINT facturacion_factura_caja_id_1a0524b6_fk_vehiculos FOREIGN KEY (caja_id) REFERENCES public.vehiculos_remolquecaja(id) DEFERRABLE INITIALLY DEFERRED;


--
-- TOC entry 3583 (class 2606 OID 286721)
-- Name: facturacion_factura facturacion_factura_factura_reemplazo_id_656c59d3_fk_facturaci; Type: FK CONSTRAINT; Schema: public; Owner: neondb_owner
--

ALTER TABLE ONLY public.facturacion_factura
    ADD CONSTRAINT facturacion_factura_factura_reemplazo_id_656c59d3_fk_facturaci FOREIGN KEY (factura_reemplazo_id) REFERENCES public.facturacion_factura(id) DEFERRABLE INITIALLY DEFERRED;


--
-- TOC entry 3584 (class 2606 OID 49162)
-- Name: facturacion_factura facturacion_factura_producto_id_6a7f86ed_fk_facturaci; Type: FK CONSTRAINT; Schema: public; Owner: neondb_owner
--

ALTER TABLE ONLY public.facturacion_factura
    ADD CONSTRAINT facturacion_factura_producto_id_6a7f86ed_fk_facturaci FOREIGN KEY (producto_id) REFERENCES public.facturacion_producto(id) DEFERRABLE INITIALLY DEFERRED;


--
-- TOC entry 3585 (class 2606 OID 212992)
-- Name: facturacion_factura facturacion_factura_proveedor_id_f83f0775_fk_proveedor; Type: FK CONSTRAINT; Schema: public; Owner: neondb_owner
--

ALTER TABLE ONLY public.facturacion_factura
    ADD CONSTRAINT facturacion_factura_proveedor_id_f83f0775_fk_proveedor FOREIGN KEY (proveedor_id) REFERENCES public.proveedores_proveedor(id) DEFERRABLE INITIALLY DEFERRED;


--
-- TOC entry 3586 (class 2606 OID 147456)
-- Name: facturacion_factura facturacion_factura_taller_id_74f59c68_fk_mantenimi; Type: FK CONSTRAINT; Schema: public; Owner: neondb_owner
--

ALTER TABLE ONLY public.facturacion_factura
    ADD CONSTRAINT facturacion_factura_taller_id_74f59c68_fk_mantenimi FOREIGN KEY (taller_id) REFERENCES public.mantenimiento_taller(id) DEFERRABLE INITIALLY DEFERRED;


--
-- TOC entry 3587 (class 2606 OID 139274)
-- Name: facturacion_factura facturacion_factura_ticket_id_e127ee12_fk_facturacion_ticket_id; Type: FK CONSTRAINT; Schema: public; Owner: neondb_owner
--

ALTER TABLE ONLY public.facturacion_factura
    ADD CONSTRAINT facturacion_factura_ticket_id_e127ee12_fk_facturacion_ticket_id FOREIGN KEY (ticket_id) REFERENCES public.facturacion_ticket(id) DEFERRABLE INITIALLY DEFERRED;


--
-- TOC entry 3588 (class 2606 OID 114688)
-- Name: facturacion_factura facturacion_factura_unidad_id_83bee8b9_fk_vehiculos; Type: FK CONSTRAINT; Schema: public; Owner: neondb_owner
--

ALTER TABLE ONLY public.facturacion_factura
    ADD CONSTRAINT facturacion_factura_unidad_id_83bee8b9_fk_vehiculos FOREIGN KEY (unidad_id) REFERENCES public.vehiculos_unidadtractocamion(id) DEFERRABLE INITIALLY DEFERRED;


--
-- TOC entry 3589 (class 2606 OID 278537)
-- Name: facturacion_factura facturacion_factura_variado_id_6a43e6a5_fk_vehiculos; Type: FK CONSTRAINT; Schema: public; Owner: neondb_owner
--

ALTER TABLE ONLY public.facturacion_factura
    ADD CONSTRAINT facturacion_factura_variado_id_6a43e6a5_fk_vehiculos FOREIGN KEY (variado_id) REFERENCES public.vehiculos_vehiculovariado(id) DEFERRABLE INITIALLY DEFERRED;


--
-- TOC entry 3611 (class 2606 OID 237582)
-- Name: facturacion_facturadetalleunidad facturacion_facturad_factura_id_c7b71e64_fk_facturaci; Type: FK CONSTRAINT; Schema: public; Owner: neondb_owner
--

ALTER TABLE ONLY public.facturacion_facturadetalleunidad
    ADD CONSTRAINT facturacion_facturad_factura_id_c7b71e64_fk_facturaci FOREIGN KEY (factura_id) REFERENCES public.facturacion_factura(id) DEFERRABLE INITIALLY DEFERRED;


--
-- TOC entry 3612 (class 2606 OID 237587)
-- Name: facturacion_facturadetalleunidad facturacion_facturad_unidad_id_bd9ff060_fk_vehiculos; Type: FK CONSTRAINT; Schema: public; Owner: neondb_owner
--

ALTER TABLE ONLY public.facturacion_facturadetalleunidad
    ADD CONSTRAINT facturacion_facturad_unidad_id_bd9ff060_fk_vehiculos FOREIGN KEY (unidad_id) REFERENCES public.vehiculos_unidadtractocamion(id) DEFERRABLE INITIALLY DEFERRED;


--
-- TOC entry 3597 (class 2606 OID 270344)
-- Name: facturacion_ticket facturacion_ticket_caja_id_44830090_fk_vehiculos; Type: FK CONSTRAINT; Schema: public; Owner: neondb_owner
--

ALTER TABLE ONLY public.facturacion_ticket
    ADD CONSTRAINT facturacion_ticket_caja_id_44830090_fk_vehiculos FOREIGN KEY (caja_id) REFERENCES public.vehiculos_remolquecaja(id) DEFERRABLE INITIALLY DEFERRED;


--
-- TOC entry 3598 (class 2606 OID 139279)
-- Name: facturacion_ticket facturacion_ticket_producto_id_85ab8121_fk_facturaci; Type: FK CONSTRAINT; Schema: public; Owner: neondb_owner
--

ALTER TABLE ONLY public.facturacion_ticket
    ADD CONSTRAINT facturacion_ticket_producto_id_85ab8121_fk_facturaci FOREIGN KEY (producto_id) REFERENCES public.facturacion_producto(id) DEFERRABLE INITIALLY DEFERRED;


--
-- TOC entry 3599 (class 2606 OID 212997)
-- Name: facturacion_ticket facturacion_ticket_proveedor_id_ec328115_fk_proveedor; Type: FK CONSTRAINT; Schema: public; Owner: neondb_owner
--

ALTER TABLE ONLY public.facturacion_ticket
    ADD CONSTRAINT facturacion_ticket_proveedor_id_ec328115_fk_proveedor FOREIGN KEY (proveedor_id) REFERENCES public.proveedores_proveedor(id) DEFERRABLE INITIALLY DEFERRED;


--
-- TOC entry 3600 (class 2606 OID 147461)
-- Name: facturacion_ticket facturacion_ticket_taller_id_ac20a2bb_fk_mantenimi; Type: FK CONSTRAINT; Schema: public; Owner: neondb_owner
--

ALTER TABLE ONLY public.facturacion_ticket
    ADD CONSTRAINT facturacion_ticket_taller_id_ac20a2bb_fk_mantenimi FOREIGN KEY (taller_id) REFERENCES public.mantenimiento_taller(id) DEFERRABLE INITIALLY DEFERRED;


--
-- TOC entry 3609 (class 2606 OID 229404)
-- Name: facturacion_ticket_unidades facturacion_ticket_u_ticket_id_87da5f05_fk_facturaci; Type: FK CONSTRAINT; Schema: public; Owner: neondb_owner
--

ALTER TABLE ONLY public.facturacion_ticket_unidades
    ADD CONSTRAINT facturacion_ticket_u_ticket_id_87da5f05_fk_facturaci FOREIGN KEY (ticket_id) REFERENCES public.facturacion_ticket(id) DEFERRABLE INITIALLY DEFERRED;


--
-- TOC entry 3610 (class 2606 OID 229409)
-- Name: facturacion_ticket_unidades facturacion_ticket_u_unidadtractocamion_i_5a00fa85_fk_vehiculos; Type: FK CONSTRAINT; Schema: public; Owner: neondb_owner
--

ALTER TABLE ONLY public.facturacion_ticket_unidades
    ADD CONSTRAINT facturacion_ticket_u_unidadtractocamion_i_5a00fa85_fk_vehiculos FOREIGN KEY (unidadtractocamion_id) REFERENCES public.vehiculos_unidadtractocamion(id) DEFERRABLE INITIALLY DEFERRED;


--
-- TOC entry 3601 (class 2606 OID 139284)
-- Name: facturacion_ticket facturacion_ticket_unidad_id_042b30d4_fk_vehiculos; Type: FK CONSTRAINT; Schema: public; Owner: neondb_owner
--

ALTER TABLE ONLY public.facturacion_ticket
    ADD CONSTRAINT facturacion_ticket_unidad_id_042b30d4_fk_vehiculos FOREIGN KEY (unidad_id) REFERENCES public.vehiculos_unidadtractocamion(id) DEFERRABLE INITIALLY DEFERRED;


--
-- TOC entry 3602 (class 2606 OID 278542)
-- Name: facturacion_ticket facturacion_ticket_variado_id_1b891cbf_fk_vehiculos; Type: FK CONSTRAINT; Schema: public; Owner: neondb_owner
--

ALTER TABLE ONLY public.facturacion_ticket
    ADD CONSTRAINT facturacion_ticket_variado_id_1b891cbf_fk_vehiculos FOREIGN KEY (variado_id) REFERENCES public.vehiculos_vehiculovariado(id) DEFERRABLE INITIALLY DEFERRED;


--
-- TOC entry 3613 (class 2606 OID 237596)
-- Name: facturacion_ticketdetalleunidad facturacion_ticketde_ticket_id_483cb73b_fk_facturaci; Type: FK CONSTRAINT; Schema: public; Owner: neondb_owner
--

ALTER TABLE ONLY public.facturacion_ticketdetalleunidad
    ADD CONSTRAINT facturacion_ticketde_ticket_id_483cb73b_fk_facturaci FOREIGN KEY (ticket_id) REFERENCES public.facturacion_ticket(id) DEFERRABLE INITIALLY DEFERRED;


--
-- TOC entry 3614 (class 2606 OID 237601)
-- Name: facturacion_ticketdetalleunidad facturacion_ticketde_unidad_id_883370d5_fk_vehiculos; Type: FK CONSTRAINT; Schema: public; Owner: neondb_owner
--

ALTER TABLE ONLY public.facturacion_ticketdetalleunidad
    ADD CONSTRAINT facturacion_ticketde_unidad_id_883370d5_fk_vehiculos FOREIGN KEY (unidad_id) REFERENCES public.vehiculos_unidadtractocamion(id) DEFERRABLE INITIALLY DEFERRED;


--
-- TOC entry 3593 (class 2606 OID 98304)
-- Name: logistica_viaje logistica_viaje_ayudante_id_41fdbbd6_fk_operadores_operador_id; Type: FK CONSTRAINT; Schema: public; Owner: neondb_owner
--

ALTER TABLE ONLY public.logistica_viaje
    ADD CONSTRAINT logistica_viaje_ayudante_id_41fdbbd6_fk_operadores_operador_id FOREIGN KEY (ayudante_id) REFERENCES public.operadores_operador(id) DEFERRABLE INITIALLY DEFERRED;


--
-- TOC entry 3594 (class 2606 OID 73742)
-- Name: logistica_viaje logistica_viaje_operador_id_fdb6992d_fk_operadores_operador_id; Type: FK CONSTRAINT; Schema: public; Owner: neondb_owner
--

ALTER TABLE ONLY public.logistica_viaje
    ADD CONSTRAINT logistica_viaje_operador_id_fdb6992d_fk_operadores_operador_id FOREIGN KEY (operador_id) REFERENCES public.operadores_operador(id) DEFERRABLE INITIALLY DEFERRED;


--
-- TOC entry 3595 (class 2606 OID 73747)
-- Name: logistica_viaje logistica_viaje_vehiculo_id_d132e55a_fk_vehiculos; Type: FK CONSTRAINT; Schema: public; Owner: neondb_owner
--

ALTER TABLE ONLY public.logistica_viaje
    ADD CONSTRAINT logistica_viaje_vehiculo_id_d132e55a_fk_vehiculos FOREIGN KEY (vehiculo_id) REFERENCES public.vehiculos_unidadtractocamion(id) DEFERRABLE INITIALLY DEFERRED;


--
-- TOC entry 3577 (class 2606 OID 16703)
-- Name: mantenimiento_mantenimientopreventivo mantenimiento_manten_unidad_id_579b800b_fk_vehiculos; Type: FK CONSTRAINT; Schema: public; Owner: neondb_owner
--

ALTER TABLE ONLY public.mantenimiento_mantenimientopreventivo
    ADD CONSTRAINT mantenimiento_manten_unidad_id_579b800b_fk_vehiculos FOREIGN KEY (unidad_id) REFERENCES public.vehiculos_unidadtractocamion(id) DEFERRABLE INITIALLY DEFERRED;


--
-- TOC entry 3590 (class 2606 OID 40973)
-- Name: mantenimiento_ordentrabajo_facturas mantenimiento_ordent_factura_id_0342a183_fk_facturaci; Type: FK CONSTRAINT; Schema: public; Owner: neondb_owner
--

ALTER TABLE ONLY public.mantenimiento_ordentrabajo_facturas
    ADD CONSTRAINT mantenimiento_ordent_factura_id_0342a183_fk_facturaci FOREIGN KEY (factura_id) REFERENCES public.facturacion_factura(id) DEFERRABLE INITIALLY DEFERRED;


--
-- TOC entry 3580 (class 2606 OID 16722)
-- Name: mantenimiento_ordentrabajo_refacciones mantenimiento_ordent_inventariorefaccione_9626235c_fk_mantenimi; Type: FK CONSTRAINT; Schema: public; Owner: neondb_owner
--

ALTER TABLE ONLY public.mantenimiento_ordentrabajo_refacciones
    ADD CONSTRAINT mantenimiento_ordent_inventariorefaccione_9626235c_fk_mantenimi FOREIGN KEY (inventariorefacciones_id) REFERENCES public.mantenimiento_inventariorefacciones(id) DEFERRABLE INITIALLY DEFERRED;


--
-- TOC entry 3591 (class 2606 OID 40968)
-- Name: mantenimiento_ordentrabajo_facturas mantenimiento_ordent_ordentrabajo_id_18a5ee66_fk_mantenimi; Type: FK CONSTRAINT; Schema: public; Owner: neondb_owner
--

ALTER TABLE ONLY public.mantenimiento_ordentrabajo_facturas
    ADD CONSTRAINT mantenimiento_ordent_ordentrabajo_id_18a5ee66_fk_mantenimi FOREIGN KEY (ordentrabajo_id) REFERENCES public.mantenimiento_ordentrabajo(id) DEFERRABLE INITIALLY DEFERRED;


--
-- TOC entry 3581 (class 2606 OID 16717)
-- Name: mantenimiento_ordentrabajo_refacciones mantenimiento_ordent_ordentrabajo_id_2b67bae9_fk_mantenimi; Type: FK CONSTRAINT; Schema: public; Owner: neondb_owner
--

ALTER TABLE ONLY public.mantenimiento_ordentrabajo_refacciones
    ADD CONSTRAINT mantenimiento_ordent_ordentrabajo_id_2b67bae9_fk_mantenimi FOREIGN KEY (ordentrabajo_id) REFERENCES public.mantenimiento_ordentrabajo(id) DEFERRABLE INITIALLY DEFERRED;


--
-- TOC entry 3605 (class 2606 OID 188424)
-- Name: mantenimiento_ordentrabajo_tickets mantenimiento_ordent_ordentrabajo_id_f5a59afe_fk_mantenimi; Type: FK CONSTRAINT; Schema: public; Owner: neondb_owner
--

ALTER TABLE ONLY public.mantenimiento_ordentrabajo_tickets
    ADD CONSTRAINT mantenimiento_ordent_ordentrabajo_id_f5a59afe_fk_mantenimi FOREIGN KEY (ordentrabajo_id) REFERENCES public.mantenimiento_ordentrabajo(id) DEFERRABLE INITIALLY DEFERRED;


--
-- TOC entry 3578 (class 2606 OID 57360)
-- Name: mantenimiento_ordentrabajo mantenimiento_ordent_taller_id_87945d0d_fk_mantenimi; Type: FK CONSTRAINT; Schema: public; Owner: neondb_owner
--

ALTER TABLE ONLY public.mantenimiento_ordentrabajo
    ADD CONSTRAINT mantenimiento_ordent_taller_id_87945d0d_fk_mantenimi FOREIGN KEY (taller_id) REFERENCES public.mantenimiento_taller(id) DEFERRABLE INITIALLY DEFERRED;


--
-- TOC entry 3606 (class 2606 OID 188429)
-- Name: mantenimiento_ordentrabajo_tickets mantenimiento_ordent_ticket_id_cc7fd0f8_fk_facturaci; Type: FK CONSTRAINT; Schema: public; Owner: neondb_owner
--

ALTER TABLE ONLY public.mantenimiento_ordentrabajo_tickets
    ADD CONSTRAINT mantenimiento_ordent_ticket_id_cc7fd0f8_fk_facturaci FOREIGN KEY (ticket_id) REFERENCES public.facturacion_ticket(id) DEFERRABLE INITIALLY DEFERRED;


--
-- TOC entry 3579 (class 2606 OID 16709)
-- Name: mantenimiento_ordentrabajo mantenimiento_ordent_unidad_id_7f505a0f_fk_vehiculos; Type: FK CONSTRAINT; Schema: public; Owner: neondb_owner
--

ALTER TABLE ONLY public.mantenimiento_ordentrabajo
    ADD CONSTRAINT mantenimiento_ordent_unidad_id_7f505a0f_fk_vehiculos FOREIGN KEY (unidad_id) REFERENCES public.vehiculos_unidadtractocamion(id) DEFERRABLE INITIALLY DEFERRED;


--
-- TOC entry 3603 (class 2606 OID 155654)
-- Name: operadores_asignacionhorario operadores_asignacio_operador_id_6e3aaba6_fk_operadore; Type: FK CONSTRAINT; Schema: public; Owner: neondb_owner
--

ALTER TABLE ONLY public.operadores_asignacionhorario
    ADD CONSTRAINT operadores_asignacio_operador_id_6e3aaba6_fk_operadore FOREIGN KEY (operador_id) REFERENCES public.operadores_operador(id) DEFERRABLE INITIALLY DEFERRED;


--
-- TOC entry 3604 (class 2606 OID 163840)
-- Name: operadores_asignacionhorario operadores_asignacio_unidad_id_d0a7ca24_fk_vehiculos; Type: FK CONSTRAINT; Schema: public; Owner: neondb_owner
--

ALTER TABLE ONLY public.operadores_asignacionhorario
    ADD CONSTRAINT operadores_asignacio_unidad_id_d0a7ca24_fk_vehiculos FOREIGN KEY (unidad_id) REFERENCES public.vehiculos_unidadtractocamion(id) DEFERRABLE INITIALLY DEFERRED;


--
-- TOC entry 3592 (class 2606 OID 65544)
-- Name: usuarios_perfil usuarios_perfil_user_id_f343affd_fk_auth_user_id; Type: FK CONSTRAINT; Schema: public; Owner: neondb_owner
--

ALTER TABLE ONLY public.usuarios_perfil
    ADD CONSTRAINT usuarios_perfil_user_id_f343affd_fk_auth_user_id FOREIGN KEY (user_id) REFERENCES public.auth_user(id) DEFERRABLE INITIALLY DEFERRED;


--
-- TOC entry 2214 (class 826 OID 16394)
-- Name: DEFAULT PRIVILEGES FOR SEQUENCES; Type: DEFAULT ACL; Schema: public; Owner: cloud_admin
--

ALTER DEFAULT PRIVILEGES FOR ROLE cloud_admin IN SCHEMA public GRANT ALL ON SEQUENCES TO neon_superuser WITH GRANT OPTION;


--
-- TOC entry 2213 (class 826 OID 16393)
-- Name: DEFAULT PRIVILEGES FOR TABLES; Type: DEFAULT ACL; Schema: public; Owner: cloud_admin
--

ALTER DEFAULT PRIVILEGES FOR ROLE cloud_admin IN SCHEMA public GRANT ALL ON TABLES TO neon_superuser WITH GRANT OPTION;


-- Completed on 2026-05-23 13:03:56

--
-- PostgreSQL database dump complete
--

\unrestrict NMVBM2Dlcp7HYWIgjicARJVQn5hxSX8L2FHn66op3fFm92wA5MEqHcwJqBj5ChC

